file,rows,cols,columns
/kaggle/input/datasets/rabianaz22/05-aggregation-output-3rd-paper/aggregated_results/friedman_tests.csv,20,6,domain|noise_type|noise_level|friedman_statistic|p_value|significant_at_0.05
/kaggle/input/datasets/rabianaz22/05-aggregation-output-3rd-paper/aggregated_results/master_all_results.csv,400,54,model|noise_type|noise_level|fold|train_size|val_size|actual_noise_pct|runtime_seconds|accuracy|f1_macro|f1_weighted|precision_class_0|recall_class_0|f1_class_0|support_class_0|precision_class_1|recall_class_1|f1_class_1|support_class_1|precision_class_2|recall_class_2|f1_class_2|support_class_2|precision_class_3|recall_class_3
/kaggle/input/datasets/rabianaz22/05-aggregation-output-3rd-paper/aggregated_results/master_nsi_table.csv,16,8,ensemble|domain|noise_type|f1_clean|f1_at_40_noise|absolute_drop|relative_drop_pct|nsi_slope
/kaggle/input/datasets/rabianaz22/05-aggregation-output-3rd-paper/aggregated_results/master_summary.csv,80,9,ensemble|domain|noise_type|noise_level|f1_macro_mean|f1_macro_std|accuracy_mean|accuracy_std|n_folds
/kaggle/input/datasets/rabianaz22/05-aggregation-output-3rd-paper/aggregated_results/paper_ready_table.csv,8,10,Domain|Ensemble|SYM0|SYM20|SYM40|ASY0|ASY20|ASY40|NSI_sym|NSI_asy
/kaggle/input/datasets/rabianaz22/05-aggregation-output-3rd-paper/aggregated_results/wilcoxon_pairwise_tests.csv,24,9,domain|noise_type|ensemble_1|ensemble_2|mean_diff|wilcoxon_statistic|p_value|better|significant_at_0.05
/kaggle/input/datasets/rabianaz22/05-aggregation-output-3rd-paper/robustness_analysis/cross_domain_ratios.csv,8,5,ensemble|noise_type|tab_rel_drop|img_rel_drop|ratio
/kaggle/input/datasets/rabianaz22/05-aggregation-output-3rd-paper/robustness_analysis/nsi_with_bootstrap_ci.csv,16,11,ensemble|domain|noise_type|nsi_slope|nsi_ci_low|nsi_ci_high|rel_drop_pct|rel_drop_ci_low|rel_drop_ci_high|f1_clean|f1_at_40
/kaggle/input/datasets/rabianaz22/05-aggregation-output-3rd-paper/robustness_analysis/wilcoxon_with_effect_sizes.csv,24,10,domain|noise_type|ensemble_1|ensemble_2|mean_diff|wilcoxon_p|rank_biserial_r|cliffs_delta|effect_magnitude|better
/kaggle/input/datasets/rabianaz22/05-output-3rd-paper/pairflip_results/checkpoints/pairflip_intermediate.csv,40,53,model|noise_type|noise_level|fold|domain|ensemble|train_size|val_size|actual_noise_pct|runtime_seconds|accuracy|f1_macro|f1_weighted|precision_class_0|recall_class_0|f1_class_0|support_class_0|precision_class_1|recall_class_1|f1_class_1|support_class_1|precision_class_2|recall_class_2|f1_class_2|support_class_2
/kaggle/input/datasets/rabianaz22/05-output-3rd-paper/pairflip_results/pairflip_bootstrap_ci.csv,8,5,domain|ensemble|rel_drop_pct|ci_low|ci_high
/kaggle/input/datasets/rabianaz22/05-output-3rd-paper/pairflip_results/pairflip_results_full.csv,40,53,model|noise_type|noise_level|fold|domain|ensemble|train_size|val_size|actual_noise_pct|runtime_seconds|accuracy|f1_macro|f1_weighted|precision_class_0|recall_class_0|f1_class_0|support_class_0|precision_class_1|recall_class_1|f1_class_1|support_class_1|precision_class_2|recall_class_2|f1_class_2|support_class_2
/kaggle/input/datasets/rabianaz22/05-output-3rd-paper/pairflip_results/pairflip_summary.csv,8,4,domain|ensemble|f1_pairflip_mean|f1_pairflip_std
/kaggle/input/datasets/rabianaz22/09-nb-output-3rd-paper/kappa_results/checkpoints/kappa_intermediate.csv,110,14,domain|noise_type|noise_level|fold|actual_noise_pct|runtime_seconds|kappa_RF_XGB|kappa_RF_ET|kappa_XGB_ET|kappa_mean|full_agreement_rate|f1_RF|f1_XGB|f1_ET
/kaggle/input/datasets/rabianaz22/09-nb-output-3rd-paper/kappa_results/kappa_results_full.csv,110,14,domain|noise_type|noise_level|fold|actual_noise_pct|runtime_seconds|kappa_RF_XGB|kappa_RF_ET|kappa_XGB_ET|kappa_mean|full_agreement_rate|f1_RF|f1_XGB|f1_ET
/kaggle/input/datasets/rabianaz22/09-nb-output-3rd-paper/kappa_results/kappa_summary.csv,22,7,domain|noise_type|noise_level|kappa_mean_mean|kappa_mean_std|full_agreement_rate_mean|full_agreement_rate_std
/kaggle/input/datasets/rabianaz22/09-nb-output-3rd-paper/kappa_results/kappa_vs_gap.csv,22,6,domain|noise_type|noise_level|kappa_mean|full_agreement_rate|gap
/kaggle/input/datasets/rabianaz22/09-nb-output-3rd-paper/kappa_results/kappa_vs_gap_dedup.csv,20,6,domain|noise_type|noise_level|kappa_mean|full_agreement_rate|gap
/kaggle/input/datasets/rabianaz22/1-ensemble-noise-prepared-data-3rd-paper/prepared_data/eurosat_test.csv,5400,3,filepath|class_name|class_id
/kaggle/input/datasets/rabianaz22/1-ensemble-noise-prepared-data-3rd-paper/prepared_data/eurosat_train.csv,16200,3,filepath|class_name|class_id
/kaggle/input/datasets/rabianaz22/1-ensemble-noise-prepared-data-3rd-paper/prepared_data/eurosat_val.csv,5400,3,filepath|class_name|class_id
/kaggle/input/datasets/rabianaz22/3a-tabular-tuning-3rd-paper/tuning_results/rf_grid_search_results.csv,36,5,params|mean_test_score|std_test_score|rank_test_score|mean_fit_time
/kaggle/input/datasets/rabianaz22/3a-tabular-tuning-3rd-paper/tuning_results/xgb_grid_search_results.csv,72,5,params|mean_test_score|std_test_score|rank_test_score|mean_fit_time
/kaggle/input/datasets/rabianaz22/3b-tabular-rf-3rd-paper/rf_results/checkpoints/rf_results_intermediate.csv,50,39,model|noise_type|noise_level|fold|train_size|val_size|actual_noise_pct|runtime_seconds|accuracy|f1_macro|f1_weighted|precision_class_0|recall_class_0|f1_class_0|support_class_0|precision_class_1|recall_class_1|f1_class_1|support_class_1|precision_class_2|recall_class_2|f1_class_2|support_class_2|precision_class_3|recall_class_3
/kaggle/input/datasets/rabianaz22/3b-tabular-rf-3rd-paper/rf_results/rf_nsi.csv,2,7,model|noise_type|f1_clean|f1_at_40pct_noise|total_drop|nsi_slope|relative_drop_pct
/kaggle/input/datasets/rabianaz22/3b-tabular-rf-3rd-paper/rf_results/rf_per_class_metrics.csv,10,9,noise_type|noise_level|f1_class_0|f1_class_1|f1_class_2|f1_class_3|f1_class_4|f1_class_5|f1_class_6
/kaggle/input/datasets/rabianaz22/3b-tabular-rf-3rd-paper/rf_results/rf_results_full.csv,50,39,model|noise_type|noise_level|fold|train_size|val_size|actual_noise_pct|runtime_seconds|accuracy|f1_macro|f1_weighted|precision_class_0|recall_class_0|f1_class_0|support_class_0|precision_class_1|recall_class_1|f1_class_1|support_class_1|precision_class_2|recall_class_2|f1_class_2|support_class_2|precision_class_3|recall_class_3
/kaggle/input/datasets/rabianaz22/3b-tabular-rf-3rd-paper/rf_results/rf_summary.csv,10,8,noise_type|noise_level|accuracy_mean|accuracy_std|f1_macro_mean|f1_macro_std|f1_weighted_mean|f1_weighted_std
/kaggle/input/datasets/rabianaz22/3b-tabular-rf-3rd-paper/rf_results/rf_test_results.csv,1,33,model|condition|accuracy|f1_macro|f1_weighted|precision_class_0|recall_class_0|f1_class_0|support_class_0|precision_class_1|recall_class_1|f1_class_1|support_class_1|precision_class_2|recall_class_2|f1_class_2|support_class_2|precision_class_3|recall_class_3|f1_class_3|support_class_3|precision_class_4|recall_class_4|f1_class_4|support_class_4
/kaggle/input/datasets/rabianaz22/3c-tabular-xgb-3rd-paper/xgb_results/checkpoints/xgb_results_intermediate.csv,50,39,model|noise_type|noise_level|fold|train_size|val_size|actual_noise_pct|runtime_seconds|accuracy|f1_macro|f1_weighted|precision_class_0|recall_class_0|f1_class_0|support_class_0|precision_class_1|recall_class_1|f1_class_1|support_class_1|precision_class_2|recall_class_2|f1_class_2|support_class_2|precision_class_3|recall_class_3
/kaggle/input/datasets/rabianaz22/3c-tabular-xgb-3rd-paper/xgb_results/xgb_nsi.csv,2,7,model|noise_type|f1_clean|f1_at_40pct_noise|total_drop|nsi_slope|relative_drop_pct
/kaggle/input/datasets/rabianaz22/3c-tabular-xgb-3rd-paper/xgb_results/xgb_per_class_metrics.csv,10,9,noise_type|noise_level|f1_class_0|f1_class_1|f1_class_2|f1_class_3|f1_class_4|f1_class_5|f1_class_6
/kaggle/input/datasets/rabianaz22/3c-tabular-xgb-3rd-paper/xgb_results/xgb_results_full.csv,50,39,model|noise_type|noise_level|fold|train_size|val_size|actual_noise_pct|runtime_seconds|accuracy|f1_macro|f1_weighted|precision_class_0|recall_class_0|f1_class_0|support_class_0|precision_class_1|recall_class_1|f1_class_1|support_class_1|precision_class_2|recall_class_2|f1_class_2|support_class_2|precision_class_3|recall_class_3
/kaggle/input/datasets/rabianaz22/3c-tabular-xgb-3rd-paper/xgb_results/xgb_summary.csv,10,8,noise_type|noise_level|accuracy_mean|accuracy_std|f1_macro_mean|f1_macro_std|f1_weighted_mean|f1_weighted_std
/kaggle/input/datasets/rabianaz22/3c-tabular-xgb-3rd-paper/xgb_results/xgb_test_results.csv,1,33,model|condition|accuracy|f1_macro|f1_weighted|precision_class_0|recall_class_0|f1_class_0|support_class_0|precision_class_1|recall_class_1|f1_class_1|support_class_1|precision_class_2|recall_class_2|f1_class_2|support_class_2|precision_class_3|recall_class_3|f1_class_3|support_class_3|precision_class_4|recall_class_4|f1_class_4|support_class_4
/kaggle/input/datasets/rabianaz22/3d-tabular-voting-3rd-paper/voting_results/checkpoints/voting_results_intermediate.csv,50,39,model|noise_type|noise_level|fold|train_size|val_size|actual_noise_pct|runtime_seconds|accuracy|f1_macro|f1_weighted|precision_class_0|recall_class_0|f1_class_0|support_class_0|precision_class_1|recall_class_1|f1_class_1|support_class_1|precision_class_2|recall_class_2|f1_class_2|support_class_2|precision_class_3|recall_class_3
/kaggle/input/datasets/rabianaz22/3d-tabular-voting-3rd-paper/voting_results/voting_nsi.csv,2,7,model|noise_type|f1_clean|f1_at_40pct_noise|total_drop|nsi_slope|relative_drop_pct
/kaggle/input/datasets/rabianaz22/3d-tabular-voting-3rd-paper/voting_results/voting_per_class_metrics.csv,10,9,noise_type|noise_level|f1_class_0|f1_class_1|f1_class_2|f1_class_3|f1_class_4|f1_class_5|f1_class_6
/kaggle/input/datasets/rabianaz22/3d-tabular-voting-3rd-paper/voting_results/voting_results_full.csv,50,39,model|noise_type|noise_level|fold|train_size|val_size|actual_noise_pct|runtime_seconds|accuracy|f1_macro|f1_weighted|precision_class_0|recall_class_0|f1_class_0|support_class_0|precision_class_1|recall_class_1|f1_class_1|support_class_1|precision_class_2|recall_class_2|f1_class_2|support_class_2|precision_class_3|recall_class_3
/kaggle/input/datasets/rabianaz22/3d-tabular-voting-3rd-paper/voting_results/voting_summary.csv,10,8,noise_type|noise_level|accuracy_mean|accuracy_std|f1_macro_mean|f1_macro_std|f1_weighted_mean|f1_weighted_std
/kaggle/input/datasets/rabianaz22/3d-tabular-voting-3rd-paper/voting_results/voting_test_results.csv,1,33,model|condition|accuracy|f1_macro|f1_weighted|precision_class_0|recall_class_0|f1_class_0|support_class_0|precision_class_1|recall_class_1|f1_class_1|support_class_1|precision_class_2|recall_class_2|f1_class_2|support_class_2|precision_class_3|recall_class_3|f1_class_3|support_class_3|precision_class_4|recall_class_4|f1_class_4|support_class_4
/kaggle/input/datasets/rabianaz22/3e-tabular-stacking-3rd-paper/stacking_results/checkpoints/stacking_results_intermediate.csv,50,40,model|noise_type|noise_level|fold|train_size|val_size|actual_noise_pct|runtime_seconds|ram_gb|accuracy|f1_macro|f1_weighted|precision_class_0|recall_class_0|f1_class_0|support_class_0|precision_class_1|recall_class_1|f1_class_1|support_class_1|precision_class_2|recall_class_2|f1_class_2|support_class_2|precision_class_3
/kaggle/input/datasets/rabianaz22/3e-tabular-stacking-3rd-paper/stacking_results/stacking_nsi.csv,2,7,model|noise_type|f1_clean|f1_at_40pct_noise|total_drop|nsi_slope|relative_drop_pct
/kaggle/input/datasets/rabianaz22/3e-tabular-stacking-3rd-paper/stacking_results/stacking_per_class_metrics.csv,10,9,noise_type|noise_level|f1_class_0|f1_class_1|f1_class_2|f1_class_3|f1_class_4|f1_class_5|f1_class_6
/kaggle/input/datasets/rabianaz22/3e-tabular-stacking-3rd-paper/stacking_results/stacking_results_full.csv,50,40,model|noise_type|noise_level|fold|train_size|val_size|actual_noise_pct|runtime_seconds|ram_gb|accuracy|f1_macro|f1_weighted|precision_class_0|recall_class_0|f1_class_0|support_class_0|precision_class_1|recall_class_1|f1_class_1|support_class_1|precision_class_2|recall_class_2|f1_class_2|support_class_2|precision_class_3
/kaggle/input/datasets/rabianaz22/3e-tabular-stacking-3rd-paper/stacking_results/stacking_summary.csv,10,8,noise_type|noise_level|accuracy_mean|accuracy_std|f1_macro_mean|f1_macro_std|f1_weighted_mean|f1_weighted_std
/kaggle/input/datasets/rabianaz22/3e-tabular-stacking-3rd-paper/stacking_results/stacking_test_results.csv,1,34,model|condition|train_size|accuracy|f1_macro|f1_weighted|precision_class_0|recall_class_0|f1_class_0|support_class_0|precision_class_1|recall_class_1|f1_class_1|support_class_1|precision_class_2|recall_class_2|f1_class_2|support_class_2|precision_class_3|recall_class_3|f1_class_3|support_class_3|precision_class_4|recall_class_4|f1_class_4
/kaggle/input/datasets/rabianaz22/4b-image-tuning-3rd-paper/image_tuning_results/rf_grid_search_image.csv,36,5,params|mean_test_score|std_test_score|rank_test_score|mean_fit_time
/kaggle/input/datasets/rabianaz22/4b-image-tuning-3rd-paper/image_tuning_results/xgb_grid_search_image.csv,72,5,params|mean_test_score|std_test_score|rank_test_score|mean_fit_time
/kaggle/input/datasets/rabianaz22/4c-image-rf-3rd-paper/rf_image_results/checkpoints/rf_image_results_intermediate.csv,50,51,model|noise_type|noise_level|fold|train_size|val_size|actual_noise_pct|runtime_seconds|accuracy|f1_macro|f1_weighted|precision_class_0|recall_class_0|f1_class_0|support_class_0|precision_class_1|recall_class_1|f1_class_1|support_class_1|precision_class_2|recall_class_2|f1_class_2|support_class_2|precision_class_3|recall_class_3
/kaggle/input/datasets/rabianaz22/4c-image-rf-3rd-paper/rf_image_results/rf_image_nsi.csv,2,7,model|noise_type|f1_clean|f1_at_40pct_noise|total_drop|nsi_slope|relative_drop_pct
/kaggle/input/datasets/rabianaz22/4c-image-rf-3rd-paper/rf_image_results/rf_image_per_class_metrics.csv,10,12,noise_type|noise_level|f1_class_0|f1_class_1|f1_class_2|f1_class_3|f1_class_4|f1_class_5|f1_class_6|f1_class_7|f1_class_8|f1_class_9
/kaggle/input/datasets/rabianaz22/4c-image-rf-3rd-paper/rf_image_results/rf_image_results_full.csv,50,51,model|noise_type|noise_level|fold|train_size|val_size|actual_noise_pct|runtime_seconds|accuracy|f1_macro|f1_weighted|precision_class_0|recall_class_0|f1_class_0|support_class_0|precision_class_1|recall_class_1|f1_class_1|support_class_1|precision_class_2|recall_class_2|f1_class_2|support_class_2|precision_class_3|recall_class_3
/kaggle/input/datasets/rabianaz22/4c-image-rf-3rd-paper/rf_image_results/rf_image_summary.csv,10,8,noise_type|noise_level|accuracy_mean|accuracy_std|f1_macro_mean|f1_macro_std|f1_weighted_mean|f1_weighted_std
/kaggle/input/datasets/rabianaz22/4c-image-rf-3rd-paper/rf_image_results/rf_image_test_results.csv,1,45,model|condition|accuracy|f1_macro|f1_weighted|precision_class_0|recall_class_0|f1_class_0|support_class_0|precision_class_1|recall_class_1|f1_class_1|support_class_1|precision_class_2|recall_class_2|f1_class_2|support_class_2|precision_class_3|recall_class_3|f1_class_3|support_class_3|precision_class_4|recall_class_4|f1_class_4|support_class_4
/kaggle/input/datasets/rabianaz22/4d-image-xgb-3rd-paper/xgb_image_results/checkpoints/xgb_image_results_intermediate.csv,50,51,model|noise_type|noise_level|fold|train_size|val_size|actual_noise_pct|runtime_seconds|accuracy|f1_macro|f1_weighted|precision_class_0|recall_class_0|f1_class_0|support_class_0|precision_class_1|recall_class_1|f1_class_1|support_class_1|precision_class_2|recall_class_2|f1_class_2|support_class_2|precision_class_3|recall_class_3
/kaggle/input/datasets/rabianaz22/4d-image-xgb-3rd-paper/xgb_image_results/xgb_image_nsi.csv,2,7,model|noise_type|f1_clean|f1_at_40pct_noise|total_drop|nsi_slope|relative_drop_pct
/kaggle/input/datasets/rabianaz22/4d-image-xgb-3rd-paper/xgb_image_results/xgb_image_per_class_metrics.csv,10,12,noise_type|noise_level|f1_class_0|f1_class_1|f1_class_2|f1_class_3|f1_class_4|f1_class_5|f1_class_6|f1_class_7|f1_class_8|f1_class_9
/kaggle/input/datasets/rabianaz22/4d-image-xgb-3rd-paper/xgb_image_results/xgb_image_results_full.csv,50,51,model|noise_type|noise_level|fold|train_size|val_size|actual_noise_pct|runtime_seconds|accuracy|f1_macro|f1_weighted|precision_class_0|recall_class_0|f1_class_0|support_class_0|precision_class_1|recall_class_1|f1_class_1|support_class_1|precision_class_2|recall_class_2|f1_class_2|support_class_2|precision_class_3|recall_class_3
/kaggle/input/datasets/rabianaz22/4d-image-xgb-3rd-paper/xgb_image_results/xgb_image_summary.csv,10,8,noise_type|noise_level|accuracy_mean|accuracy_std|f1_macro_mean|f1_macro_std|f1_weighted_mean|f1_weighted_std
/kaggle/input/datasets/rabianaz22/4d-image-xgb-3rd-paper/xgb_image_results/xgb_image_test_results.csv,1,45,model|condition|accuracy|f1_macro|f1_weighted|precision_class_0|recall_class_0|f1_class_0|support_class_0|precision_class_1|recall_class_1|f1_class_1|support_class_1|precision_class_2|recall_class_2|f1_class_2|support_class_2|precision_class_3|recall_class_3|f1_class_3|support_class_3|precision_class_4|recall_class_4|f1_class_4|support_class_4
/kaggle/input/datasets/rabianaz22/4e-image-voting-3rd-paper/voting_image_results/checkpoints/voting_image_results_intermediate.csv,50,51,model|noise_type|noise_level|fold|train_size|val_size|actual_noise_pct|runtime_seconds|accuracy|f1_macro|f1_weighted|precision_class_0|recall_class_0|f1_class_0|support_class_0|precision_class_1|recall_class_1|f1_class_1|support_class_1|precision_class_2|recall_class_2|f1_class_2|support_class_2|precision_class_3|recall_class_3
/kaggle/input/datasets/rabianaz22/4e-image-voting-3rd-paper/voting_image_results/voting_image_nsi.csv,2,7,model|noise_type|f1_clean|f1_at_40pct_noise|total_drop|nsi_slope|relative_drop_pct
/kaggle/input/datasets/rabianaz22/4e-image-voting-3rd-paper/voting_image_results/voting_image_per_class_metrics.csv,10,12,noise_type|noise_level|f1_class_0|f1_class_1|f1_class_2|f1_class_3|f1_class_4|f1_class_5|f1_class_6|f1_class_7|f1_class_8|f1_class_9
/kaggle/input/datasets/rabianaz22/4e-image-voting-3rd-paper/voting_image_results/voting_image_results_full.csv,50,51,model|noise_type|noise_level|fold|train_size|val_size|actual_noise_pct|runtime_seconds|accuracy|f1_macro|f1_weighted|precision_class_0|recall_class_0|f1_class_0|support_class_0|precision_class_1|recall_class_1|f1_class_1|support_class_1|precision_class_2|recall_class_2|f1_class_2|support_class_2|precision_class_3|recall_class_3
/kaggle/input/datasets/rabianaz22/4e-image-voting-3rd-paper/voting_image_results/voting_image_summary.csv,10,8,noise_type|noise_level|accuracy_mean|accuracy_std|f1_macro_mean|f1_macro_std|f1_weighted_mean|f1_weighted_std
/kaggle/input/datasets/rabianaz22/4e-image-voting-3rd-paper/voting_image_results/voting_image_test_results.csv,1,45,model|condition|accuracy|f1_macro|f1_weighted|precision_class_0|recall_class_0|f1_class_0|support_class_0|precision_class_1|recall_class_1|f1_class_1|support_class_1|precision_class_2|recall_class_2|f1_class_2|support_class_2|precision_class_3|recall_class_3|f1_class_3|support_class_3|precision_class_4|recall_class_4|f1_class_4|support_class_4
/kaggle/input/datasets/rabianaz22/4f-parta-image-stacking-symmetric-3rd-paper/stacking_symmetric_results/checkpoints/stacking_symmetric_results_intermediate.csv,25,52,model|noise_type|noise_level|fold|train_size|val_size|actual_noise_pct|runtime_seconds|ram_gb|accuracy|f1_macro|f1_weighted|precision_class_0|recall_class_0|f1_class_0|support_class_0|precision_class_1|recall_class_1|f1_class_1|support_class_1|precision_class_2|recall_class_2|f1_class_2|support_class_2|precision_class_3
/kaggle/input/datasets/rabianaz22/4f-parta-image-stacking-symmetric-3rd-paper/stacking_symmetric_results/stacking_symmetric_nsi.csv,1,7,model|noise_type|f1_clean|f1_at_40pct_noise|total_drop|nsi_slope|relative_drop_pct
/kaggle/input/datasets/rabianaz22/4f-parta-image-stacking-symmetric-3rd-paper/stacking_symmetric_results/stacking_symmetric_per_class_metrics.csv,5,12,noise_type|noise_level|f1_class_0|f1_class_1|f1_class_2|f1_class_3|f1_class_4|f1_class_5|f1_class_6|f1_class_7|f1_class_8|f1_class_9
/kaggle/input/datasets/rabianaz22/4f-parta-image-stacking-symmetric-3rd-paper/stacking_symmetric_results/stacking_symmetric_results_full.csv,25,52,model|noise_type|noise_level|fold|train_size|val_size|actual_noise_pct|runtime_seconds|ram_gb|accuracy|f1_macro|f1_weighted|precision_class_0|recall_class_0|f1_class_0|support_class_0|precision_class_1|recall_class_1|f1_class_1|support_class_1|precision_class_2|recall_class_2|f1_class_2|support_class_2|precision_class_3
/kaggle/input/datasets/rabianaz22/4f-parta-image-stacking-symmetric-3rd-paper/stacking_symmetric_results/stacking_symmetric_summary.csv,5,8,noise_type|noise_level|accuracy_mean|accuracy_std|f1_macro_mean|f1_macro_std|f1_weighted_mean|f1_weighted_std
/kaggle/input/datasets/rabianaz22/4f-partb-image-stacking-asymmetric-3rd-paper/stacking_asymmetric_results/checkpoints/stacking_asymmetric_results_intermediate.csv,25,52,model|noise_type|noise_level|fold|train_size|val_size|actual_noise_pct|runtime_seconds|ram_gb|accuracy|f1_macro|f1_weighted|precision_class_0|recall_class_0|f1_class_0|support_class_0|precision_class_1|recall_class_1|f1_class_1|support_class_1|precision_class_2|recall_class_2|f1_class_2|support_class_2|precision_class_3
/kaggle/input/datasets/rabianaz22/4f-partb-image-stacking-asymmetric-3rd-paper/stacking_asymmetric_results/stacking_asymmetric_nsi.csv,1,7,model|noise_type|f1_clean|f1_at_40pct_noise|total_drop|nsi_slope|relative_drop_pct
/kaggle/input/datasets/rabianaz22/4f-partb-image-stacking-asymmetric-3rd-paper/stacking_asymmetric_results/stacking_asymmetric_per_class_metrics.csv,5,12,noise_type|noise_level|f1_class_0|f1_class_1|f1_class_2|f1_class_3|f1_class_4|f1_class_5|f1_class_6|f1_class_7|f1_class_8|f1_class_9
/kaggle/input/datasets/rabianaz22/4f-partb-image-stacking-asymmetric-3rd-paper/stacking_asymmetric_results/stacking_asymmetric_results_full.csv,25,52,model|noise_type|noise_level|fold|train_size|val_size|actual_noise_pct|runtime_seconds|ram_gb|accuracy|f1_macro|f1_weighted|precision_class_0|recall_class_0|f1_class_0|support_class_0|precision_class_1|recall_class_1|f1_class_1|support_class_1|precision_class_2|recall_class_2|f1_class_2|support_class_2|precision_class_3
/kaggle/input/datasets/rabianaz22/4f-partb-image-stacking-asymmetric-3rd-paper/stacking_asymmetric_results/stacking_asymmetric_summary.csv,5,8,noise_type|noise_level|accuracy_mean|accuracy_std|f1_macro_mean|f1_macro_std|f1_weighted_mean|f1_weighted_std
/kaggle/input/datasets/rabianaz22/8-output-3rd-paper/equal_n_results/checkpoints/equal_n_intermediate.csv,165,17,model|noise_type|noise_level|fold|train_size|actual_noise_pct|runtime_seconds|accuracy|f1_macro|f1_weighted|f1_class_0|f1_class_1|f1_class_2|f1_class_3|f1_class_4|f1_class_5|f1_class_6
/kaggle/input/datasets/rabianaz22/8-output-3rd-paper/equal_n_results/equal_n_nsi.csv,6,6,model|noise_type|f1_clean|f1_at_40|nsi_slope|rel_drop_pct
/kaggle/input/datasets/rabianaz22/8-output-3rd-paper/equal_n_results/equal_n_pairflip.csv,3,3,model|mean|std
/kaggle/input/datasets/rabianaz22/8-output-3rd-paper/equal_n_results/equal_n_results_full.csv,165,17,model|noise_type|noise_level|fold|train_size|actual_noise_pct|runtime_seconds|accuracy|f1_macro|f1_weighted|f1_class_0|f1_class_1|f1_class_2|f1_class_3|f1_class_4|f1_class_5|f1_class_6
/kaggle/input/datasets/rabianaz22/8-output-3rd-paper/equal_n_results/equal_n_slope_ci.csv,6,4,model|noise_type|slope_ci_low|slope_ci_high
/kaggle/input/datasets/rabianaz22/8-output-3rd-paper/equal_n_results/equal_n_summary.csv,33,5,model|noise_type|noise_level|mean|std
