params,mean_test_score,std_test_score,mean_fit_time,rank_test_score
"{""colsample_bytree"": 0.8, ""learning_rate"": 0.1, ""max_depth"": 6, ""n_estimators"": 600, ""subsample"": 0.8}",0.8739849332466464,0.00361524212761083,50.92592167854309,1
"{""colsample_bytree"": 1.0, ""learning_rate"": 0.1, ""max_depth"": 6, ""n_estimators"": 600, ""subsample"": 0.8}",0.8731243140315676,0.0029673036445620783,57.15543818473816,2
"{""colsample_bytree"": 0.8, ""learning_rate"": 0.1, ""max_depth"": 6, ""n_estimators"": 400, ""subsample"": 0.8}",0.8707803280057901,0.004455303744272676,39.690595070521034,3
"{""colsample_bytree"": 0.8, ""learning_rate"": 0.05, ""max_depth"": 6, ""n_estimators"": 600, ""subsample"": 0.8}",0.870670022844604,0.0032073969582581377,64.69181299209595,4
"{""colsample_bytree"": 1.0, ""learning_rate"": 0.1, ""max_depth"": 6, ""n_estimators"": 400, ""subsample"": 0.8}",0.8705470910746548,0.002088249240603926,44.94721062978109,5
"{""colsample_bytree"": 0.8, ""learning_rate"": 0.1, ""max_depth"": 6, ""n_estimators"": 600, ""subsample"": 1.0}",0.8698087188721692,0.0030125168213734344,49.874997774759926,6
"{""colsample_bytree"": 1.0, ""learning_rate"": 0.05, ""max_depth"": 6, ""n_estimators"": 600, ""subsample"": 0.8}",0.8692237910487507,0.0035312209791435027,73.61851167678833,7
"{""colsample_bytree"": 1.0, ""learning_rate"": 0.1, ""max_depth"": 8, ""n_estimators"": 600, ""subsample"": 0.8}",0.8692091568798194,0.002483697345458201,78.09054287274678,8
"{""colsample_bytree"": 0.8, ""learning_rate"": 0.1, ""max_depth"": 8, ""n_estimators"": 600, ""subsample"": 0.8}",0.8690899396709849,0.00285408832423697,70.89582935969035,9
"{""colsample_bytree"": 1.0, ""learning_rate"": 0.1, ""max_depth"": 6, ""n_estimators"": 600, ""subsample"": 1.0}",0.8690147626212016,0.002982510793516268,56.38209811846415,10
"{""colsample_bytree"": 0.8, ""learning_rate"": 0.1, ""max_depth"": 6, ""n_estimators"": 400, ""subsample"": 1.0}",0.866920245480712,0.003126669993151828,39.19371644655863,11
"{""colsample_bytree"": 0.8, ""learning_rate"": 0.1, ""max_depth"": 8, ""n_estimators"": 400, ""subsample"": 0.8}",0.8667911079258085,0.0033620369984496833,58.140877644220986,12
"{""colsample_bytree"": 0.8, ""learning_rate"": 0.05, ""max_depth"": 6, ""n_estimators"": 400, ""subsample"": 0.8}",0.8667152490372786,0.003985376786000604,47.312779108683266,13
"{""colsample_bytree"": 1.0, ""learning_rate"": 0.1, ""max_depth"": 10, ""n_estimators"": 600, ""subsample"": 0.8}",0.8666364604242934,0.004065044760931862,101.6144088904063,14
"{""colsample_bytree"": 0.8, ""learning_rate"": 0.1, ""max_depth"": 10, ""n_estimators"": 600, ""subsample"": 0.8}",0.8666363022103295,0.0035037227782378794,120.84475644429524,15
"{""colsample_bytree"": 1.0, ""learning_rate"": 0.1, ""max_depth"": 8, ""n_estimators"": 400, ""subsample"": 0.8}",0.8661796236222606,0.002398822469779986,64.42459297180176,16
"{""colsample_bytree"": 0.8, ""learning_rate"": 0.05, ""max_depth"": 6, ""n_estimators"": 600, ""subsample"": 1.0}",0.8659987338028253,0.0019095215860849546,64.26242518424988,17
"{""colsample_bytree"": 0.8, ""learning_rate"": 0.1, ""max_depth"": 8, ""n_estimators"": 600, ""subsample"": 1.0}",0.8657611781746223,0.0017398365068927073,72.65462287267049,18
"{""colsample_bytree"": 0.8, ""learning_rate"": 0.05, ""max_depth"": 8, ""n_estimators"": 600, ""subsample"": 0.8}",0.8657581309067978,0.004368414707876358,100.79620703061421,19
"{""colsample_bytree"": 1.0, ""learning_rate"": 0.05, ""max_depth"": 8, ""n_estimators"": 600, ""subsample"": 0.8}",0.8656642945010454,0.0032993859676784905,112.59155265490215,20
"{""colsample_bytree"": 1.0, ""learning_rate"": 0.1, ""max_depth"": 6, ""n_estimators"": 400, ""subsample"": 1.0}",0.8656316600130355,0.00252276534001156,44.7020575205485,21
"{""colsample_bytree"": 0.8, ""learning_rate"": 0.1, ""max_depth"": 10, ""n_estimators"": 400, ""subsample"": 0.8}",0.8648734183092804,0.002978231681730028,94.82637047767639,22
"{""colsample_bytree"": 1.0, ""learning_rate"": 0.05, ""max_depth"": 6, ""n_estimators"": 600, ""subsample"": 1.0}",0.8647549930279901,0.0030569986069676827,73.788232644399,23
"{""colsample_bytree"": 1.0, ""learning_rate"": 0.05, ""max_depth"": 6, ""n_estimators"": 400, ""subsample"": 0.8}",0.8646030045757053,0.0034569749053666643,54.12637201944987,24
"{""colsample_bytree"": 1.0, ""learning_rate"": 0.1, ""max_depth"": 10, ""n_estimators"": 400, ""subsample"": 0.8}",0.8644565906034053,0.003854448955648312,84.2076632976532,25
"{""colsample_bytree"": 0.8, ""learning_rate"": 0.05, ""max_depth"": 10, ""n_estimators"": 600, ""subsample"": 0.8}",0.8642830374552037,0.004767877599399969,142.11408042907715,26
"{""colsample_bytree"": 1.0, ""learning_rate"": 0.05, ""max_depth"": 10, ""n_estimators"": 600, ""subsample"": 0.8}",0.8638305777254557,0.003642171166144497,156.75109179814658,27
"{""colsample_bytree"": 1.0, ""learning_rate"": 0.1, ""max_depth"": 8, ""n_estimators"": 600, ""subsample"": 1.0}",0.8637632612433177,0.0029432369497345524,80.31059463818868,28
"{""colsample_bytree"": 1.0, ""learning_rate"": 0.1, ""max_depth"": 6, ""n_estimators"": 200, ""subsample"": 0.8}",0.863670357728775,0.0022931357901306124,27.50191569328308,29
"{""colsample_bytree"": 0.8, ""learning_rate"": 0.1, ""max_depth"": 10, ""n_estimators"": 600, ""subsample"": 1.0}",0.8634383104469499,0.0030709357304287708,124.02213295300801,30
"{""colsample_bytree"": 0.8, ""learning_rate"": 0.1, ""max_depth"": 8, ""n_estimators"": 400, ""subsample"": 1.0}",0.8627749850211194,0.0017618935128098808,59.76952656110128,31
"{""colsample_bytree"": 0.8, ""learning_rate"": 0.05, ""max_depth"": 6, ""n_estimators"": 400, ""subsample"": 1.0}",0.862291910274554,0.002068096807177829,47.113183895746864,32
"{""colsample_bytree"": 0.8, ""learning_rate"": 0.05, ""max_depth"": 8, ""n_estimators"": 400, ""subsample"": 0.8}",0.8621997036614669,0.004019100989799807,82.20649369557698,33
"{""colsample_bytree"": 0.8, ""learning_rate"": 0.1, ""max_depth"": 6, ""n_estimators"": 200, ""subsample"": 0.8}",0.8621392110003606,0.004117668011250728,24.022263606389362,34
"{""colsample_bytree"": 1.0, ""learning_rate"": 0.05, ""max_depth"": 8, ""n_estimators"": 400, ""subsample"": 0.8}",0.8618924903813255,0.0032354021080505295,92.8595114549001,35
"{""colsample_bytree"": 1.0, ""learning_rate"": 0.1, ""max_depth"": 10, ""n_estimators"": 600, ""subsample"": 1.0}",0.8610471564700438,0.0029040686987941377,133.07934745152792,36
"{""colsample_bytree"": 0.8, ""learning_rate"": 0.05, ""max_depth"": 8, ""n_estimators"": 600, ""subsample"": 1.0}",0.8608275142373278,0.002674151514483565,103.89288743336995,37
"{""colsample_bytree"": 1.0, ""learning_rate"": 0.1, ""max_depth"": 8, ""n_estimators"": 400, ""subsample"": 1.0}",0.860659227813667,0.00303766930741079,66.73439447085063,38
"{""colsample_bytree"": 1.0, ""learning_rate"": 0.1, ""max_depth"": 8, ""n_estimators"": 200, ""subsample"": 0.8}",0.8604548926510387,0.0030019446554262787,46.809863011042275,39
"{""colsample_bytree"": 0.8, ""learning_rate"": 0.1, ""max_depth"": 6, ""n_estimators"": 200, ""subsample"": 1.0}",0.8600784239856294,0.003910443146443375,23.90630571047465,40
"{""colsample_bytree"": 0.8, ""learning_rate"": 0.1, ""max_depth"": 8, ""n_estimators"": 200, ""subsample"": 0.8}",0.85999456437579,0.002608488220899486,41.45458475748698,41
"{""colsample_bytree"": 0.8, ""learning_rate"": 0.05, ""max_depth"": 10, ""n_estimators"": 400, ""subsample"": 0.8}",0.8599619271118119,0.0045868999626136695,117.19844953219096,42
"{""colsample_bytree"": 1.0, ""learning_rate"": 0.05, ""max_depth"": 10, ""n_estimators"": 400, ""subsample"": 0.8}",0.8598420272057977,0.003792939490484034,130.60578894615173,43
"{""colsample_bytree"": 1.0, ""learning_rate"": 0.05, ""max_depth"": 6, ""n_estimators"": 400, ""subsample"": 1.0}",0.8597740697179672,0.0038351955112316104,54.30433336893717,44
"{""colsample_bytree"": 0.8, ""learning_rate"": 0.1, ""max_depth"": 10, ""n_estimators"": 400, ""subsample"": 1.0}",0.859330073245003,0.0029715529258441745,97.75373276074727,45
"{""colsample_bytree"": 1.0, ""learning_rate"": 0.1, ""max_depth"": 6, ""n_estimators"": 200, ""subsample"": 1.0}",0.858557858006768,0.004058541056184447,27.54192018508911,46
"{""colsample_bytree"": 1.0, ""learning_rate"": 0.05, ""max_depth"": 8, ""n_estimators"": 600, ""subsample"": 1.0}",0.8583995854181233,0.003496265569951279,116.73613905906677,47
"{""colsample_bytree"": 0.8, ""learning_rate"": 0.05, ""max_depth"": 10, ""n_estimators"": 600, ""subsample"": 1.0}",0.8583765762569898,0.0035851440203855636,166.5823925336202,48
"{""colsample_bytree"": 0.8, ""learning_rate"": 0.05, ""max_depth"": 8, ""n_estimators"": 400, ""subsample"": 1.0}",0.8581071702906425,0.0027037933141757196,85.38145105044048,49
"{""colsample_bytree"": 1.0, ""learning_rate"": 0.1, ""max_depth"": 10, ""n_estimators"": 400, ""subsample"": 1.0}",0.8575913158334939,0.00296657970872811,106.25154264767964,50
"{""colsample_bytree"": 1.0, ""learning_rate"": 0.05, ""max_depth"": 10, ""n_estimators"": 600, ""subsample"": 1.0}",0.8574027599264094,0.0039847176443017305,182.56239104270935,51
"{""colsample_bytree"": 0.8, ""learning_rate"": 0.1, ""max_depth"": 10, ""n_estimators"": 200, ""subsample"": 0.8}",0.8573334416241019,0.0030493936818655277,65.25670059521993,52
"{""colsample_bytree"": 0.8, ""learning_rate"": 0.1, ""max_depth"": 8, ""n_estimators"": 200, ""subsample"": 1.0}",0.8562215201672148,0.0024469283564950866,43.024381160736084,53
"{""colsample_bytree"": 1.0, ""learning_rate"": 0.1, ""max_depth"": 10, ""n_estimators"": 200, ""subsample"": 0.8}",0.8558399790548251,0.0035171670153395086,62.85434659322103,54
"{""colsample_bytree"": 1.0, ""learning_rate"": 0.05, ""max_depth"": 8, ""n_estimators"": 400, ""subsample"": 1.0}",0.8547580701510267,0.003425858488885769,97.06183195114136,55
"{""colsample_bytree"": 1.0, ""learning_rate"": 0.1, ""max_depth"": 8, ""n_estimators"": 200, ""subsample"": 1.0}",0.8539795424028149,0.003378708383140047,48.76093792915344,56
"{""colsample_bytree"": 0.8, ""learning_rate"": 0.05, ""max_depth"": 6, ""n_estimators"": 200, ""subsample"": 0.8}",0.8537282440700725,0.0028016354488908843,25.62635286649068,57
"{""colsample_bytree"": 0.8, ""learning_rate"": 0.05, ""max_depth"": 10, ""n_estimators"": 400, ""subsample"": 1.0}",0.8534893103670141,0.0038870304350697178,135.52398657798767,58
"{""colsample_bytree"": 0.8, ""learning_rate"": 0.1, ""max_depth"": 10, ""n_estimators"": 200, ""subsample"": 1.0}",0.8530564391088807,0.002305628647418994,68.06917889912923,59
"{""colsample_bytree"": 1.0, ""learning_rate"": 0.05, ""max_depth"": 10, ""n_estimators"": 400, ""subsample"": 1.0}",0.8524363025040983,0.004105844388389488,150.25599106152853,60
"{""colsample_bytree"": 1.0, ""learning_rate"": 0.05, ""max_depth"": 6, ""n_estimators"": 200, ""subsample"": 0.8}",0.8519343554781215,0.0037741886757375847,29.8431073029836,61
"{""colsample_bytree"": 0.8, ""learning_rate"": 0.05, ""max_depth"": 8, ""n_estimators"": 200, ""subsample"": 0.8}",0.8515330124010344,0.00474870148187971,54.376386642456055,62
"{""colsample_bytree"": 1.0, ""learning_rate"": 0.05, ""max_depth"": 8, ""n_estimators"": 200, ""subsample"": 0.8}",0.850128716090668,0.002906515430601472,62.31004770596822,63
"{""colsample_bytree"": 0.8, ""learning_rate"": 0.05, ""max_depth"": 6, ""n_estimators"": 200, ""subsample"": 1.0}",0.8494190964331932,0.004439542214339032,25.440484046936035,64
"{""colsample_bytree"": 0.8, ""learning_rate"": 0.05, ""max_depth"": 10, ""n_estimators"": 200, ""subsample"": 0.8}",0.8493883791198554,0.004088196764095783,83.29770342508952,65
"{""colsample_bytree"": 1.0, ""learning_rate"": 0.1, ""max_depth"": 10, ""n_estimators"": 200, ""subsample"": 1.0}",0.8492201601992583,0.0030582651994741157,75.62263544400533,66
"{""colsample_bytree"": 1.0, ""learning_rate"": 0.05, ""max_depth"": 10, ""n_estimators"": 200, ""subsample"": 0.8}",0.8485453390240734,0.003198516995701341,94.28730988502502,67
"{""colsample_bytree"": 0.8, ""learning_rate"": 0.05, ""max_depth"": 8, ""n_estimators"": 200, ""subsample"": 1.0}",0.8477618821933159,0.003977004286990477,57.39526502291361,68
"{""colsample_bytree"": 1.0, ""learning_rate"": 0.05, ""max_depth"": 6, ""n_estimators"": 200, ""subsample"": 1.0}",0.8456322146191991,0.004189190653163865,29.383115530014038,69
"{""colsample_bytree"": 0.8, ""learning_rate"": 0.05, ""max_depth"": 10, ""n_estimators"": 200, ""subsample"": 1.0}",0.8439721979785558,0.0039675220565181185,95.61009796460469,70
"{""colsample_bytree"": 1.0, ""learning_rate"": 0.05, ""max_depth"": 8, ""n_estimators"": 200, ""subsample"": 1.0}",0.8436763424357873,0.003194406862213437,66.10617637634277,71
"{""colsample_bytree"": 1.0, ""learning_rate"": 0.05, ""max_depth"": 10, ""n_estimators"": 200, ""subsample"": 1.0}",0.8409070030277452,0.004221780651097561,108.24771237373352,72
