dataset,condition,fold,actual_noise_pct,n_train,n_flagged,flag_rate_pct,flag_precision,flag_recall,f1_CL_XGB,acc_CL_XGB,seconds
drybean,asymmetric_10,0,10.257195345988976,6532,810,12.4,0.7864,0.9507,0.9410791999782568,0.9290085679314566,3.3
drybean,asymmetric_10,1,11.143425684983928,6533,864,13.23,0.7847,0.9313,0.9355858930058772,0.9265156154317208,3.4
drybean,asymmetric_10,2,9.918873411908772,6533,774,11.85,0.7881,0.9414,0.9331333414553804,0.9185548071034904,3.2
drybean,asymmetric_10,3,9.90356650849533,6533,725,11.1,0.7972,0.8934,0.9324042631977452,0.917330067360686,3.5
drybean,asymmetric_10,4,10.117863156283484,6533,802,12.28,0.7668,0.9304,0.9420124860632634,0.9301898346601348,3.3
drybean,asymmetric_20,0,20.9736680955297,6532,1501,22.98,0.8448,0.9255,0.936522978801368,0.9241126070991432,3.3
drybean,asymmetric_20,1,19.54691565896219,6533,1393,21.32,0.8464,0.9233,0.9351619360817116,0.9259032455603184,3.4
drybean,asymmetric_20,2,19.684677789683143,6533,1453,22.24,0.8334,0.9417,0.933450338332214,0.9185548071034904,3.2
drybean,asymmetric_20,3,20.02142966477881,6533,1411,21.6,0.8505,0.9174,0.9271614912852152,0.9142682180036742,3.3
drybean,asymmetric_20,4,19.11832236338589,6533,1386,21.22,0.8261,0.9167,0.9326880980708302,0.9203919167176976,3.3
drybean,asymmetric_30,0,29.562155541947337,6532,2225,34.06,0.7501,0.8643,0.9160916531552932,0.905140758873929,3.8
drybean,asymmetric_30,1,29.54232358793816,6533,2143,32.8,0.7639,0.8482,0.9192024951893272,0.9093692590324556,3.7
drybean,asymmetric_30,2,29.710699525486,6533,2143,32.8,0.7881,0.8702,0.922430211843243,0.9093692590324556,3.7
drybean,asymmetric_30,3,29.32802694015001,6533,2097,32.1,0.7797,0.8533,0.9048208574342824,0.8928352725045928,3.8
drybean,asymmetric_30,4,30.506658502984845,6533,2191,33.54,0.7741,0.851,0.913077718906408,0.898958971218616,3.8
drybean,asymmetric_40,0,39.57440293937538,6532,2910,44.55,0.6557,0.7381,0.8034935423737487,0.8102815177478581,4.4
drybean,asymmetric_40,1,40.28776978417266,6533,2909,44.53,0.6342,0.701,0.7774743934306553,0.7936313533374157,4.4
drybean,asymmetric_40,2,39.55303842032757,6533,2843,43.52,0.6405,0.7047,0.8094593125078647,0.8132271892222903,4.4
drybean,asymmetric_40,3,40.31838359099954,6533,2927,44.8,0.645,0.7168,0.7938473798310614,0.7973055725658298,4.4
drybean,asymmetric_40,4,40.303076687586106,6533,2930,44.85,0.6365,0.7083,0.8048654987391838,0.8034292712798531,4.5
drybean,clean_0,0,0.0,6532,116,1.78,0.0,,0.9423064100882926,0.930844553243574,3.3
drybean,clean_0,1,0.0,6533,117,1.79,0.0,,0.9388429102503582,0.92896509491733,3.3
drybean,clean_0,2,0.0,6533,112,1.71,0.0,,0.9348590265473036,0.9191671769748928,3.3
drybean,clean_0,3,0.0,6533,103,1.58,0.0,,0.929899224522404,0.9148805878750764,3.3
drybean,clean_0,4,0.0,6533,118,1.81,0.0,,0.9406359440850628,0.92896509491733,3.2
drybean,pairflip_40,0,26.454378444580527,6532,2022,30.96,0.6192,0.7245,0.8786667722851182,0.8647490820073439,3.3
drybean,pairflip_40,1,27.031991428134088,6533,2059,31.52,0.5993,0.6988,0.8744713755324371,0.8524188609920392,3.2
drybean,pairflip_40,2,26.251339354048675,6533,1968,30.12,0.6128,0.7032,0.8746615139974091,0.8542559706062461,3.2
drybean,pairflip_40,3,27.093219041787847,6533,2058,31.5,0.6103,0.7096,0.8709935385579207,0.8524188609920392,3.4
drybean,pairflip_40,4,26.618705035971225,6533,2066,31.62,0.5905,0.7016,0.856571849064987,0.842620943049602,3.2
drybean,symmetric_10,0,10.257195345988976,6532,827,12.66,0.7557,0.9328,0.938373396725882,0.9253365973072216,3.2
drybean,symmetric_10,1,11.143425684983928,6533,863,13.21,0.7787,0.9231,0.9338847743774344,0.9246785058175138,3.5
drybean,symmetric_10,2,9.918873411908772,6533,762,11.66,0.7703,0.9059,0.9340723801867912,0.9216166564605022,3.3
drybean,symmetric_10,3,9.90356650849533,6533,714,10.93,0.7815,0.8624,0.9351368549408816,0.9216166564605022,3.7
drybean,symmetric_10,4,10.117863156283484,6533,797,12.2,0.7641,0.9213,0.9355984736265396,0.9246785058175138,3.4
drybean,symmetric_20,0,20.9736680955297,6532,1476,22.6,0.8577,0.9241,0.9386215778080922,0.927172582619339,3.2
drybean,symmetric_20,1,19.54691565896219,6533,1379,21.11,0.8492,0.917,0.9358553286574012,0.9265156154317208,3.4
drybean,symmetric_20,2,19.684677789683143,6533,1438,22.01,0.8387,0.9378,0.9301103942581715,0.917942437232088,3.1
drybean,symmetric_20,3,20.02142966477881,6533,1404,21.49,0.8561,0.919,0.9252736699815256,0.913655848132272,3.3
drybean,symmetric_20,4,19.11832236338589,6533,1396,21.37,0.8281,0.9255,0.9363603280013802,0.9234537660747092,3.4
drybean,symmetric_30,0,29.562155541947337,6532,2047,31.34,0.8818,0.9347,0.9301201832088491,0.91921664626683,3.3
drybean,symmetric_30,1,29.54232358793816,6533,2022,30.95,0.8892,0.9316,0.9320855905332478,0.9234537660747092,3.3
drybean,symmetric_30,2,29.710699525486,6533,2000,30.61,0.8995,0.9268,0.9299882084314216,0.9154929577464788,3.5
drybean,symmetric_30,3,29.32802694015001,6533,1967,30.11,0.8978,0.9217,0.9230555841221884,0.9069197795468464,3.5
drybean,symmetric_30,4,30.506658502984845,6533,2077,31.79,0.8897,0.9272,0.9323981339315522,0.9216166564605022,3.4
drybean,symmetric_40,0,39.57440293937538,6532,2590,39.65,0.9174,0.9191,0.9218927727134044,0.912484700122399,3.8
drybean,symmetric_40,1,40.28776978417266,6533,2644,40.47,0.9251,0.9293,0.9324748805984068,0.9265156154317208,3.5
drybean,symmetric_40,2,39.55303842032757,6533,2541,38.89,0.9311,0.9156,0.9212016394411208,0.9118187385180648,3.6
drybean,symmetric_40,3,40.31838359099954,6533,2599,39.78,0.9292,0.9169,0.9222466377254106,0.9118187385180648,3.8
drybean,symmetric_40,4,40.303076687586106,6533,2694,41.24,0.9135,0.9347,0.9342083167596384,0.9228413962033069,3.4
pendigits,asymmetric_10,0,10.502369668246446,5275,530,10.05,0.966,0.9242,0.98807781705123,0.9878695981804396,4.4
pendigits,asymmetric_10,1,10.881516587677725,5275,586,11.11,0.9505,0.9704,0.9895256357654396,0.9893858984078848,4.0
pendigits,asymmetric_10,2,9.990521327014218,5275,507,9.61,0.9763,0.9393,0.9842304157788362,0.9840788476118272,4.3
pendigits,asymmetric_10,3,10.19905213270142,5275,550,10.43,0.9564,0.9777,0.9878294359234672,0.9878695981804396,4.2
pendigits,asymmetric_10,4,10.29188779378317,5276,547,10.37,0.9561,0.9632,0.9843371195378688,0.9840667678300457,4.3
pendigits,asymmetric_20,0,20.81516587677725,5275,1100,20.85,0.9391,0.9408,0.9849779297400424,0.9848369977255496,4.5
pendigits,asymmetric_20,1,19.696682464454977,5275,1031,19.55,0.9476,0.9403,0.9828310088745666,0.982562547384382,4.6
pendigits,asymmetric_20,2,19.77251184834123,5275,1041,19.73,0.9539,0.9521,0.9803010999851496,0.9802880970432144,4.7
pendigits,asymmetric_20,3,20.132701421800945,5275,1046,19.83,0.9503,0.936,0.984141304798257,0.9840788476118272,4.7
pendigits,asymmetric_20,4,19.446550416982564,5276,1036,19.64,0.9431,0.9522,0.9789538425180908,0.9787556904400608,4.6
pendigits,asymmetric_30,0,29.6872037914692,5275,1708,32.38,0.7957,0.8678,0.9644878998751948,0.9643669446550416,5.1
pendigits,asymmetric_30,1,29.497630331753555,5275,1658,31.43,0.8034,0.856,0.9597467213980064,0.959059893858984,5.4
pendigits,asymmetric_30,2,29.87677725118484,5275,1714,32.49,0.7841,0.8528,0.9546718431264124,0.954510993176649,5.0
pendigits,asymmetric_30,3,29.459715639810423,5275,1636,31.01,0.8105,0.8533,0.9478311886221326,0.9476876421531464,5.1
pendigits,asymmetric_30,4,30.81880212282032,5276,1810,34.31,0.7702,0.8573,0.9537098138083075,0.9537177541729894,5.2
pendigits,asymmetric_40,0,39.29857819905213,5275,2367,44.87,0.6303,0.7197,0.8444089055378814,0.844579226686884,5.7
pendigits,asymmetric_40,1,40.37914691943128,5275,2391,45.33,0.6156,0.6911,0.7975076701887026,0.7975739196360879,5.9
pendigits,asymmetric_40,2,39.65876777251185,5275,2352,44.59,0.6416,0.7213,0.8579838833588184,0.8574677786201668,5.6
pendigits,asymmetric_40,3,40.60663507109005,5275,2408,45.65,0.6242,0.7017,0.8083126932192821,0.8089461713419257,5.7
pendigits,asymmetric_40,4,39.992418498862776,5276,2278,43.18,0.6339,0.6844,0.81728177806948,0.8171471927162367,5.7
pendigits,clean_0,0,0.0,5275,1,0.02,0.0,,0.99024913938367,0.9901440485216072,4.5
pendigits,clean_0,1,0.0,5275,1,0.02,0.0,,0.9932884234154372,0.9931766489764974,4.3
pendigits,clean_0,2,0.0,5275,0,0.0,,,0.987933719615458,0.9878695981804396,4.4
pendigits,clean_0,3,0.0,5275,1,0.02,0.0,,0.990100692187735,0.9901440485216072,4.3
pendigits,clean_0,4,0.0,5276,1,0.02,0.0,,0.9873642317162906,0.9871016691957512,4.4
pendigits,pairflip_40,0,24.0,5275,1458,27.64,0.6008,0.6919,0.8882376820668402,0.88855193328279,4.9
pendigits,pairflip_40,1,23.81042654028436,5275,1468,27.83,0.6226,0.7277,0.8898804573210679,0.8908263836239575,5.1
pendigits,pairflip_40,2,23.658767772511847,5275,1454,27.56,0.6286,0.7324,0.8969056220041173,0.8968915845337376,5.0
pendigits,pairflip_40,3,24.113744075829384,5275,1405,26.64,0.6178,0.6824,0.871196570180319,0.8711144806671721,5.1
pendigits,pairflip_40,4,23.71114480667172,5276,1415,26.82,0.6269,0.709,0.900874342832978,0.9006069802731411,5.2
pendigits,symmetric_10,0,10.502369668246446,5275,526,9.97,0.9696,0.9206,0.9865760747192588,0.9863532979529946,4.8
pendigits,symmetric_10,1,10.881516587677725,5275,564,10.69,0.9663,0.9495,0.9909665735596372,0.9909021986353298,4.5
pendigits,symmetric_10,2,9.990521327014218,5275,499,9.46,0.976,0.9241,0.9781264572950372,0.978013646702047,4.8
pendigits,symmetric_10,3,10.19905213270142,5275,524,9.93,0.9752,0.9498,0.990117842962551,0.9901440485216072,4.5
pendigits,symmetric_10,4,10.29188779378317,5276,521,9.87,0.9731,0.9337,0.9871986403025864,0.9871016691957512,5.3
pendigits,symmetric_20,0,20.81516587677725,5275,1066,20.21,0.9803,0.9517,0.9818946325078024,0.9818043972706596,4.6
pendigits,symmetric_20,1,19.696682464454977,5275,1016,19.26,0.9793,0.9577,0.9864487697027144,0.9863532979529946,4.6
pendigits,symmetric_20,2,19.77251184834123,5275,1014,19.22,0.9852,0.9578,0.9826079435405098,0.982562547384382,4.5
pendigits,symmetric_20,3,20.132701421800945,5275,1008,19.11,0.9851,0.935,0.985484644611278,0.9855951478392722,5.0
pendigits,symmetric_20,4,19.446550416982564,5276,1001,18.97,0.984,0.96,0.9811206659304276,0.98103186646434,4.5
pendigits,symmetric_30,0,29.6872037914692,5275,1539,29.18,0.9799,0.963,0.9873059500864866,0.9871114480667172,4.3
pendigits,symmetric_30,1,29.497630331753555,5275,1517,28.76,0.9815,0.9569,0.9887759177891848,0.9886277482941622,4.3
pendigits,symmetric_30,2,29.87677725118484,5275,1554,29.46,0.9794,0.9657,0.9819109666823274,0.9818043972706596,4.5
pendigits,symmetric_30,3,29.459715639810423,5275,1503,28.49,0.98,0.9479,0.986328625146722,0.9863532979529946,4.6
pendigits,symmetric_30,4,30.81880212282032,5276,1593,30.19,0.9824,0.9625,0.9787740550347148,0.9787556904400608,4.3
pendigits,symmetric_40,0,39.29857819905213,5275,2018,38.26,0.9822,0.9561,0.9872112572610616,0.9871114480667172,4.6
pendigits,symmetric_40,1,40.37914691943128,5275,2078,39.39,0.975,0.9512,0.9827834898050058,0.982562547384382,4.5
pendigits,symmetric_40,2,39.65876777251185,5275,2021,38.31,0.9807,0.9474,0.977394558497456,0.9772554965883244,4.9
pendigits,symmetric_40,3,40.60663507109005,5275,2089,39.6,0.9828,0.9585,0.9816795756078374,0.9818043972706596,4.6
pendigits,symmetric_40,4,39.992418498862776,5276,2039,38.65,0.9745,0.9417,0.9767046865090324,0.9764795144157816,4.8
satimage,asymmetric_10,0,10.038860103626943,3088,449,14.54,0.6526,0.9452,0.8917950641054847,0.908150064683053,1.3
satimage,asymmetric_10,1,11.006798316607316,3089,439,14.21,0.6856,0.8853,0.8605241062922974,0.8821243523316062,1.3
satimage,asymmetric_10,2,9.841372612495954,3089,409,13.24,0.6626,0.8914,0.881705268646371,0.8950777202072538,1.3
satimage,asymmetric_10,3,9.906118484946584,3089,408,13.21,0.6471,0.8627,0.8874174334100409,0.9041450777202072,1.3
satimage,asymmetric_10,4,10.747814826804792,3089,466,15.09,0.6373,0.8946,0.894789852306307,0.9106217616580312,1.4
satimage,asymmetric_20,0,21.340673575129536,3088,776,25.13,0.7732,0.9105,0.8846789157082288,0.9016817593790428,1.2
satimage,asymmetric_20,1,20.135966332146328,3089,727,23.54,0.7813,0.9132,0.8570328286695054,0.8782383419689119,1.3
satimage,asymmetric_20,2,19.19715118161217,3089,723,23.41,0.7414,0.9039,0.8744682034244439,0.8911917098445595,1.2
satimage,asymmetric_20,3,20.4920686306248,3089,742,24.02,0.7615,0.8926,0.8768449745901034,0.8976683937823834,1.3
satimage,asymmetric_20,4,19.391388798964066,3089,729,23.6,0.7627,0.9282,0.8897276101604378,0.9067357512953368,1.2
satimage,asymmetric_30,0,29.889896373056995,3088,1039,33.65,0.7565,0.8516,0.8664753538620537,0.8861578266494179,1.3
satimage,asymmetric_30,1,29.07089673033344,3089,1011,32.73,0.7428,0.8363,0.8235414944522681,0.8471502590673575,1.5
satimage,asymmetric_30,2,29.97733894464228,3089,1060,34.32,0.7406,0.8477,0.8378856549018027,0.8549222797927462,1.4
satimage,asymmetric_30,3,28.81191324053092,3089,1021,33.05,0.7512,0.8618,0.8625491863352645,0.8808290155440415,1.3
satimage,asymmetric_30,4,30.689543541599225,3089,1098,35.55,0.7104,0.8228,0.86555723396508,0.883419689119171,1.4
satimage,asymmetric_40,0,38.53626943005181,3088,1314,42.55,0.6324,0.6983,0.7638251760180905,0.7800776196636481,1.5
satimage,asymmetric_40,1,40.72515377144707,3089,1335,43.22,0.6367,0.6757,0.679287455272814,0.7176165803108808,1.5
satimage,asymmetric_40,2,39.00938815150534,3089,1405,45.48,0.6292,0.7336,0.8035725523306859,0.8160621761658031,1.6
satimage,asymmetric_40,3,40.854645516348334,3089,1385,44.84,0.6209,0.6815,0.7327175537417613,0.7512953367875648,1.5
satimage,asymmetric_40,4,38.815150534153446,3089,1398,45.26,0.6438,0.7506,0.8055278033426402,0.8316062176165803,1.5
satimage,clean_0,0,0.0,3088,108,3.5,0.0,,0.8944283921009225,0.9120310478654592,1.4
satimage,clean_0,1,0.0,3089,100,3.24,0.0,,0.8598338204688757,0.883419689119171,1.3
satimage,clean_0,2,0.0,3089,108,3.5,0.0,,0.8883214845792144,0.9015544041450776,1.3
satimage,clean_0,3,0.0,3089,108,3.5,0.0,,0.9082003222763526,0.922279792746114,1.5
satimage,clean_0,4,0.0,3089,121,3.92,0.0,,0.900177911774196,0.9158031088082902,1.3
satimage,pairflip_40,0,19.52720207253886,3088,749,24.26,0.5754,0.7148,0.820113021453901,0.8564036222509702,1.4
satimage,pairflip_40,1,21.68986727096148,3089,801,25.93,0.5755,0.6881,0.7183630945901923,0.7875647668393783,1.3
satimage,pairflip_40,2,20.03884752347038,3089,749,24.25,0.5874,0.7108,0.835407097501053,0.8613989637305699,1.4
satimage,pairflip_40,3,21.560375526060213,3089,762,24.67,0.5486,0.6276,0.7680802441336788,0.8186528497409327,1.4
satimage,pairflip_40,4,20.751052120427325,3089,850,27.52,0.5529,0.7332,0.8103818313652099,0.8536269430051814,1.3
satimage,symmetric_10,0,10.038860103626943,3088,451,14.6,0.6408,0.9323,0.880765578711177,0.9029754204398448,1.4
satimage,symmetric_10,1,11.006798316607316,3089,442,14.31,0.7127,0.9265,0.8543013380236935,0.8782383419689119,1.3
satimage,symmetric_10,2,9.841372612495954,3089,404,13.08,0.6708,0.8914,0.8849140723586647,0.8989637305699482,1.3
satimage,symmetric_10,3,9.906118484946584,3089,404,13.08,0.6559,0.866,0.8882816413932794,0.9067357512953368,1.3
satimage,symmetric_10,4,10.747814826804792,3089,444,14.37,0.6847,0.9157,0.8991972060994661,0.9158031088082902,1.3
satimage,symmetric_20,0,21.340673575129536,3088,747,24.19,0.8139,0.9226,0.8747226805037244,0.8939197930142303,1.3
satimage,symmetric_20,1,20.135966332146328,3089,711,23.02,0.8143,0.9309,0.8558118056648514,0.8847150259067358,1.2
satimage,symmetric_20,2,19.19715118161217,3089,695,22.5,0.8,0.9376,0.8848798273373805,0.9002590673575129,1.3
satimage,symmetric_20,3,20.4920686306248,3089,743,24.05,0.79,0.9273,0.875902314501127,0.9015544041450776,1.2
satimage,symmetric_20,4,19.391388798964066,3089,728,23.57,0.7761,0.9432,0.8860639487741722,0.9041450777202072,1.2
satimage,symmetric_30,0,29.889896373056995,3088,986,31.93,0.8682,0.9274,0.8733067947599679,0.8939197930142303,1.2
satimage,symmetric_30,1,29.07089673033344,3089,970,31.4,0.866,0.9354,0.8425047777415591,0.8678756476683938,1.2
satimage,symmetric_30,2,29.97733894464228,3089,990,32.05,0.8707,0.9309,0.8645378151469131,0.8808290155440415,1.2
satimage,symmetric_30,3,28.81191324053092,3089,978,31.66,0.8528,0.9371,0.8962267860089113,0.911917098445596,1.2
satimage,symmetric_30,4,30.689543541599225,3089,1030,33.34,0.865,0.9399,0.8856222763961892,0.905440414507772,1.3
satimage,symmetric_40,0,38.53626943005181,3088,1207,39.09,0.8882,0.9008,0.8701968637204965,0.8926261319534282,1.3
satimage,symmetric_40,1,40.72515377144707,3089,1271,41.15,0.8938,0.903,0.8424323152879077,0.8691709844559585,1.3
satimage,symmetric_40,2,39.00938815150534,3089,1203,38.94,0.8928,0.8913,0.867363164926207,0.8847150259067358,1.4
satimage,symmetric_40,3,40.854645516348334,3089,1292,41.83,0.887,0.9081,0.8727245341568426,0.8937823834196891,1.3
satimage,symmetric_40,4,38.815150534153446,3089,1246,40.34,0.886,0.9208,0.8869207887617105,0.9041450777202072,1.2
shuttle,asymmetric_10,0,10.158333333333331,24000,2085,8.69,0.7885,0.6743,0.8795578239601959,0.9968333333333332,1.7
shuttle,asymmetric_10,1,10.1625,24000,2188,9.12,0.7628,0.6843,0.9364356642393776,0.9976666666666668,1.7
shuttle,asymmetric_10,2,10.05,24000,2092,8.72,0.794,0.6886,0.9106172844610638,0.9971666666666666,1.7
shuttle,asymmetric_10,3,9.766666666666666,24000,2030,8.46,0.802,0.6945,0.8874006785024278,0.9971666666666666,1.7
shuttle,asymmetric_10,4,10.2875,24000,2246,9.36,0.7801,0.7096,0.9061262415015096,0.9968333333333332,1.7
shuttle,asymmetric_20,0,20.125,24000,4557,18.99,0.684,0.6453,0.8089590440889874,0.9896666666666668,1.6
shuttle,asymmetric_20,1,19.9125,24000,4344,18.1,0.6784,0.6167,0.8166201097728583,0.9891666666666666,1.8
shuttle,asymmetric_20,2,19.4375,24000,4471,18.63,0.692,0.6632,0.7975819823139277,0.9916666666666668,1.6
shuttle,asymmetric_20,3,20.2875,24000,4620,19.25,0.6864,0.6513,0.8093050436311648,0.9898333333333332,1.7
shuttle,asymmetric_20,4,19.8375,24000,4657,19.4,0.6706,0.656,0.7951793920381376,0.9883333333333332,1.6
shuttle,asymmetric_30,0,30.0125,24000,7344,30.6,0.5858,0.5973,0.7217005420321143,0.9626666666666668,1.6
shuttle,asymmetric_30,1,29.50833333333333,24000,7222,30.09,0.5897,0.6014,0.7576982663086458,0.9746666666666668,1.6
shuttle,asymmetric_30,2,30.0375,24000,7171,29.88,0.5918,0.5887,0.7467102461633746,0.9616666666666668,1.6
shuttle,asymmetric_30,3,29.770833333333336,24000,7253,30.22,0.5922,0.6011,0.7485916162176045,0.9665,1.6
shuttle,asymmetric_30,4,30.020833333333336,24000,7276,30.32,0.5793,0.585,0.749281541399766,0.9601666666666666,1.6
shuttle,asymmetric_40,0,39.625,24000,9553,39.8,0.5371,0.5395,0.6520011948354281,0.8611666666666666,1.5
shuttle,asymmetric_40,1,39.90416666666667,24000,10093,42.05,0.5326,0.5613,0.653470553195114,0.8441666666666666,1.5
shuttle,asymmetric_40,2,39.925,24000,10010,41.71,0.528,0.5516,0.6232681825469446,0.8421666666666666,1.5
shuttle,asymmetric_40,3,40.1,24000,9979,41.58,0.5369,0.5567,0.6418341415501353,0.8473333333333334,1.5
shuttle,asymmetric_40,4,40.10416666666667,24000,9906,41.27,0.5347,0.5503,0.6493905661442805,0.8465,1.4
shuttle,clean_0,0,0.0,24000,22,0.09,0.0,,0.9497323002147045,0.999,1.3
shuttle,clean_0,1,0.0,24000,25,0.1,0.0,,0.9595451302237136,0.9991666666666666,1.3
shuttle,clean_0,2,0.0,24000,20,0.08,0.0,,0.9433631823131992,0.9988333333333334,1.3
shuttle,clean_0,3,0.0,24000,14,0.06,0.0,,0.9159502040803406,0.9983333333333332,1.3
shuttle,clean_0,4,0.0,24000,38,0.16,0.0,,0.9493109484123112,0.9986666666666668,1.3
shuttle,pairflip_40,0,39.625,24000,9476,39.48,0.5357,0.5338,0.6517287400840774,0.8798333333333334,1.4
shuttle,pairflip_40,1,39.90416666666667,24000,9909,41.29,0.5288,0.5471,0.6474713012141897,0.857,1.4
shuttle,pairflip_40,2,39.925,24000,9789,40.79,0.5264,0.5378,0.6146057495298233,0.8505,1.4
shuttle,pairflip_40,3,40.1,24000,9779,40.75,0.536,0.5447,0.6471397800254007,0.8666666666666667,1.4
shuttle,pairflip_40,4,40.10416666666667,24000,9751,40.63,0.5329,0.5398,0.64623438054385,0.8563333333333333,1.4
shuttle,symmetric_10,0,10.158333333333331,24000,2444,10.18,0.8527,0.8548,0.8687797746821173,0.9973333333333332,1.9
shuttle,symmetric_10,1,10.1625,24000,2472,10.3,0.8455,0.8569,0.932824128398316,0.9976666666666668,1.8
shuttle,symmetric_10,2,10.05,24000,2355,9.81,0.8637,0.8433,0.9205490189608736,0.9978333333333332,1.8
shuttle,symmetric_10,3,9.766666666666666,24000,2336,9.73,0.8515,0.8485,0.9260111094847944,0.998,1.8
shuttle,symmetric_10,4,10.2875,24000,2547,10.61,0.8445,0.8712,0.9451321858740248,0.9978333333333332,1.8
shuttle,symmetric_20,0,20.125,24000,4785,19.94,0.8389,0.8311,0.8605767956243606,0.9968333333333332,1.8
shuttle,symmetric_20,1,19.9125,24000,4689,19.54,0.8247,0.8092,0.9291486832804516,0.9971666666666666,1.8
shuttle,symmetric_20,2,19.4375,24000,4636,19.32,0.8384,0.8332,0.8834995357874919,0.9965,1.8
shuttle,symmetric_20,3,20.2875,24000,4842,20.18,0.8416,0.8369,0.8804923797618575,0.997,1.8
shuttle,symmetric_20,4,19.8375,24000,4801,20.0,0.8225,0.8294,0.8748732655537723,0.9958333333333332,1.7
shuttle,symmetric_30,0,30.0125,24000,7207,30.03,0.7934,0.7938,0.8778504877951414,0.9948333333333332,1.8
shuttle,symmetric_30,1,29.50833333333333,24000,6920,28.83,0.8113,0.7927,0.8998408530321924,0.9956666666666668,1.8
shuttle,symmetric_30,2,30.0375,24000,6980,29.08,0.8096,0.7839,0.8423398083847595,0.9921666666666666,1.8
shuttle,symmetric_30,3,29.770833333333336,24000,7043,29.35,0.813,0.8014,0.8745408445777814,0.9958333333333332,1.8
shuttle,symmetric_30,4,30.020833333333336,24000,7154,29.81,0.7896,0.784,0.8737642607518114,0.9933333333333332,1.8
shuttle,symmetric_40,0,39.625,24000,9291,38.71,0.7756,0.7577,0.799251847596205,0.9851666666666666,1.7
shuttle,symmetric_40,1,39.90416666666667,24000,9563,39.85,0.7704,0.7692,0.854548096034025,0.9861666666666666,1.8
shuttle,symmetric_40,2,39.925,24000,9594,39.98,0.7593,0.7603,0.7745625031172214,0.9795,1.7
shuttle,symmetric_40,3,40.1,24000,9537,39.74,0.7627,0.7558,0.8134933732663482,0.9876666666666668,1.6
shuttle,symmetric_40,4,40.10416666666667,24000,9728,40.53,0.7558,0.7638,0.7707890613586437,0.9841666666666666,1.6
har,asymmetric_10,0,10.378312765527008,4943,517,10.46,0.9362,0.9435,0.9796580684496976,0.9789644012944984,56.8
har,asymmetric_10,1,10.843617236496057,4943,553,11.19,0.9277,0.9571,0.9853460395328578,0.9854368932038836,55.6
har,asymmetric_10,2,9.973700182075662,4943,496,10.03,0.9315,0.9371,0.9788274540966808,0.9789644012944984,56.4
har,asymmetric_10,3,10.0748533279385,4943,508,10.28,0.9272,0.9458,0.980590414649108,0.9805825242718448,56.1
har,asymmetric_10,4,10.436893203883496,4944,528,10.68,0.9167,0.938,0.9837132689336536,0.9838056680161944,55.2
har,asymmetric_20,0,20.675703014363748,4943,1008,20.39,0.9425,0.9295,0.9735192379941984,0.9733009708737864,52.2
har,asymmetric_20,1,19.643940926562816,4943,977,19.77,0.9478,0.9537,0.9799451479641652,0.9797734627831716,52.0
har,asymmetric_20,2,19.765324701598217,4943,1005,20.33,0.9313,0.958,0.9670476537617052,0.9668284789644012,48.1
har,asymmetric_20,3,20.149706655877,4943,996,20.15,0.9468,0.9468,0.9798522908199608,0.9797734627831716,50.7
har,asymmetric_20,4,19.457928802589,4944,948,19.17,0.9462,0.9324,0.9751050573551197,0.9748987854251012,51.5
har,asymmetric_30,0,29.53671859194821,4943,1477,29.88,0.8876,0.8979,0.951981625277301,0.9514563106796116,60.9
har,asymmetric_30,1,29.61764110863848,4943,1513,30.61,0.8777,0.9071,0.9595418329094696,0.95873786407767,57.9
har,asymmetric_30,2,29.880639287881856,4943,1522,30.79,0.8587,0.8849,0.9400475895355852,0.9393203883495146,60.3
har,asymmetric_30,3,29.21302852518713,4943,1460,29.54,0.8959,0.9058,0.9621208767671624,0.9619741100323624,57.4
har,asymmetric_30,4,30.6836569579288,4944,1612,32.61,0.848,0.9011,0.9531479727572696,0.953846153846154,60.0
har,asymmetric_40,0,39.3081124822982,4943,2081,42.1,0.7093,0.7597,0.8866679893006942,0.889967637540453,75.4
har,asymmetric_40,1,40.38033582844427,4943,2091,42.3,0.7001,0.7335,0.8797614081713374,0.883495145631068,78.1
har,asymmetric_40,2,39.36880436981591,4943,2030,41.07,0.7138,0.7446,0.881423584379582,0.883495145631068,81.9
har,asymmetric_40,3,40.52195023265224,4943,2176,44.02,0.6838,0.7429,0.8669564332048337,0.8697411003236246,76.6
har,asymmetric_40,4,39.66423948220065,4944,2012,40.7,0.7182,0.7369,0.879349318122243,0.8809716599190284,81.6
har,clean_0,0,0.0,4943,1,0.02,0.0,,0.988954359925993,0.988673139158576,57.0
har,clean_0,1,0.0,4943,0,0.0,,,0.9911590653346884,0.9911003236245954,59.1
har,clean_0,2,0.0,4943,0,0.0,,,0.9860821988928752,0.9862459546925566,57.5
har,clean_0,3,0.0,4943,0,0.0,,,0.987216310701822,0.9870550161812298,57.7
har,clean_0,4,0.0,4944,0,0.0,,,0.9878479309172968,0.9878542510121456,57.5
har,pairflip_40,0,25.93566659923124,4943,1383,27.98,0.6515,0.7028,0.9092136352779632,0.912621359223301,62.8
har,pairflip_40,1,26.05705037426664,4943,1410,28.53,0.6447,0.7057,0.9005667309057447,0.9045307443365695,62.6
har,pairflip_40,2,25.571515274125023,4943,1355,27.41,0.6679,0.716,0.8934879051286021,0.8956310679611651,62.3
har,pairflip_40,3,25.97612785757637,4943,1462,29.58,0.645,0.7344,0.9049611483663992,0.906957928802589,62.7
har,pairflip_40,4,25.50566343042071,4944,1405,28.42,0.6384,0.7113,0.8781383337667341,0.8785425101214575,60.1
har,symmetric_10,0,10.378312765527008,4943,503,10.18,0.9642,0.9454,0.978187380292086,0.9781553398058253,59.9
har,symmetric_10,1,10.843617236496057,4943,532,10.76,0.9662,0.959,0.9855697445316532,0.9854368932038836,55.6
har,symmetric_10,2,9.973700182075662,4943,478,9.67,0.9707,0.9412,0.9788116096091426,0.9789644012944984,62.2
har,symmetric_10,3,10.0748533279385,4943,499,10.1,0.9579,0.9598,0.978412552641371,0.9781553398058253,56.2
har,symmetric_10,4,10.436893203883496,4944,507,10.25,0.9625,0.9457,0.9822445158535044,0.9821862348178138,63.2
har,symmetric_20,0,20.675703014363748,4943,1014,20.51,0.9606,0.953,0.9790272911774528,0.9781553398058253,53.1
har,symmetric_20,1,19.643940926562816,4943,971,19.64,0.966,0.966,0.9914384137766092,0.9911003236245954,54.3
har,symmetric_20,2,19.765324701598217,4943,992,20.07,0.9637,0.9785,0.9737206419143708,0.9733009708737864,50.9
har,symmetric_20,3,20.149706655877,4943,996,20.15,0.9618,0.9618,0.978547099386518,0.9789644012944984,50.2
har,symmetric_20,4,19.457928802589,4944,946,19.13,0.9715,0.9553,0.9812929429437558,0.9813765182186236,55.4
har,symmetric_30,0,29.53671859194821,4943,1463,29.6,0.9638,0.9658,0.9691208502833136,0.9684466019417476,52.4
har,symmetric_30,1,29.61764110863848,4943,1474,29.82,0.9586,0.9652,0.9720359707522408,0.97168284789644,50.9
har,symmetric_30,2,29.880639287881856,4943,1491,30.16,0.9618,0.9709,0.9665743297259176,0.9668284789644012,51.9
har,symmetric_30,3,29.21302852518713,4943,1471,29.76,0.9613,0.9792,0.9648382155170498,0.9652103559870552,46.6
har,symmetric_30,4,30.6836569579288,4944,1539,31.13,0.9591,0.973,0.9721153416138604,0.9724696356275304,50.6
har,symmetric_40,0,39.3081124822982,4943,1945,39.35,0.962,0.9629,0.9634973363633644,0.9635922330097088,52.1
har,symmetric_40,1,40.38033582844427,4943,1984,40.14,0.9632,0.9574,0.96974716710689,0.9692556634304208,51.5
har,symmetric_40,2,39.36880436981591,4943,1926,38.96,0.9673,0.9573,0.9645472714895296,0.964401294498382,55.2
har,symmetric_40,3,40.52195023265224,4943,1996,40.38,0.9684,0.9651,0.9659797401394394,0.9660194174757282,53.5
har,symmetric_40,4,39.66423948220065,4944,1931,39.06,0.9679,0.9531,0.9649605069811168,0.9651821862348178,57.9
isolet,asymmetric_10,0,10.45175086875167,3741,437,11.68,0.8398,0.9386,0.9285066373578416,0.9284188034188036,230.8
isolet,asymmetric_10,1,10.478481689387865,3741,425,11.36,0.8776,0.9515,0.942660056375636,0.9423076923076924,239.4
isolet,asymmetric_10,2,9.807589524318546,3742,399,10.66,0.8421,0.9155,0.9388410804754556,0.9390374331550804,243.1
isolet,asymmetric_10,3,9.941207910208446,3742,417,11.14,0.8273,0.9274,0.9496807103550302,0.9497326203208556,241.2
isolet,asymmetric_10,4,10.983431320149654,3742,431,11.52,0.8561,0.8978,0.9335241317905342,0.9336898395721924,242.4
isolet,asymmetric_20,0,20.50253942796044,3741,825,22.05,0.8727,0.9387,0.9301385645666608,0.9305555555555556,222.2
isolet,asymmetric_20,1,19.67388398823844,3741,770,20.58,0.8779,0.9185,0.9348084471112584,0.9348290598290598,228.3
isolet,asymmetric_20,2,19.454836985569216,3742,790,21.11,0.8709,0.9451,0.9322161541829336,0.932620320855615,220.3
isolet,asymmetric_20,3,20.60395510422234,3742,836,22.34,0.8684,0.9416,0.9475268228048196,0.9475935828877006,218.2
isolet,asymmetric_20,4,19.401389631213256,3742,752,20.1,0.8883,0.9201,0.9324925737611508,0.932620320855615,236.7
isolet,asymmetric_30,0,29.27024859663192,3741,1175,31.41,0.8298,0.8904,0.9067044839369178,0.907051282051282,221.9
isolet,asymmetric_30,1,29.27024859663192,3741,1156,30.9,0.8339,0.8804,0.920734224767054,0.9209401709401708,227.0
isolet,asymmetric_30,2,29.98396579369321,3742,1192,31.85,0.8331,0.885,0.9185941550491056,0.9197860962566844,220.1
isolet,asymmetric_30,3,29.2089791555318,3742,1154,30.84,0.8267,0.8728,0.9206574949879764,0.920855614973262,232.7
isolet,asymmetric_30,4,30.94601817210048,3742,1180,31.53,0.8297,0.8454,0.9030725951976536,0.9037433155080212,234.4
isolet,asymmetric_40,0,38.75968992248063,3741,1589,42.48,0.6715,0.7359,0.8000083800454555,0.8034188034188035,233.4
isolet,asymmetric_40,1,40.68430900828656,3741,1632,43.62,0.663,0.7109,0.7909730730568559,0.8002136752136753,229.5
isolet,asymmetric_40,2,39.3372528059861,3742,1581,42.25,0.6781,0.7283,0.8001686008091627,0.8085561497326204,236.0
isolet,asymmetric_40,3,40.88722608230893,3742,1652,44.15,0.6489,0.7007,0.7690898819983237,0.7818181818181819,226.4
isolet,asymmetric_40,4,39.57776590058792,3742,1557,41.61,0.6737,0.7083,0.8079820471932865,0.8096256684491978,255.5
isolet,clean_0,0,0.0,3741,19,0.51,0.0,,0.9339765391242772,0.9337606837606838,241.7
isolet,clean_0,1,0.0,3741,21,0.56,0.0,,0.9405046113371742,0.9401709401709402,236.0
isolet,clean_0,2,0.0,3742,22,0.59,0.0,,0.9375123916710878,0.9379679144385028,249.9
isolet,clean_0,3,0.0,3742,29,0.77,0.0,,0.9634909397276862,0.9636363636363636,242.6
isolet,clean_0,4,0.0,3742,24,0.64,0.0,,0.9484397703353424,0.948663101604278,244.5
isolet,pairflip_40,0,9.195402298850574,3741,421,11.25,0.5463,0.6686,0.8794283109962803,0.8824786324786325,222.8
isolet,pairflip_40,1,9.783480352846832,3741,428,11.44,0.5234,0.612,0.8921355998754797,0.8942307692307693,235.6
isolet,pairflip_40,2,8.73864243719936,3742,389,10.4,0.545,0.6483,0.8899314910655953,0.895187165775401,233.2
isolet,pairflip_40,3,9.299839657936932,3742,400,10.69,0.53,0.6092,0.8810009915635704,0.8855614973262033,243.6
isolet,pairflip_40,4,8.818813468733298,3742,399,10.66,0.5489,0.6636,0.893395416057938,0.895187165775401,228.0
isolet,symmetric_10,0,10.45175086875167,3741,389,10.4,0.8792,0.8747,0.926344048481777,0.9262820512820512,253.3
isolet,symmetric_10,1,10.478481689387865,3741,374,10.0,0.8877,0.8469,0.9363268736109516,0.935897435897436,267.7
isolet,symmetric_10,2,9.807589524318546,3742,355,9.49,0.8676,0.8392,0.9388580413061938,0.9390374331550804,266.4
isolet,symmetric_10,3,9.941207910208446,3742,365,9.75,0.8274,0.8118,0.9646012977503468,0.9647058823529412,272.5
isolet,symmetric_10,4,10.983431320149654,3742,393,10.5,0.8677,0.8297,0.9345019870943514,0.93475935828877,263.2
isolet,symmetric_20,0,20.50253942796044,3741,732,19.57,0.9208,0.8787,0.9271949592476074,0.9273504273504274,257.0
isolet,symmetric_20,1,19.67388398823844,3741,705,18.85,0.8979,0.8601,0.928755930185064,0.9284188034188036,256.2
isolet,symmetric_20,2,19.454836985569216,3742,720,19.24,0.8986,0.8887,0.9307661200003774,0.9315508021390374,249.9
isolet,symmetric_20,3,20.60395510422234,3742,750,20.04,0.8893,0.8651,0.9495236835389356,0.9497326203208556,255.5
isolet,symmetric_20,4,19.401389631213256,3742,710,18.97,0.9113,0.8912,0.9347123177770376,0.93475935828877,240.1
isolet,symmetric_30,0,29.27024859663192,3741,1043,27.88,0.9338,0.8895,0.9111790144517956,0.9113247863247864,255.4
isolet,symmetric_30,1,29.27024859663192,3741,1049,28.04,0.9295,0.8904,0.9260809600557868,0.9262820512820512,243.0
isolet,symmetric_30,2,29.98396579369321,3742,1090,29.13,0.9248,0.8984,0.9312389358595932,0.9315508021390374,241.0
isolet,symmetric_30,3,29.2089791555318,3742,1048,28.01,0.9189,0.8811,0.9496363222466808,0.9497326203208556,252.3
isolet,symmetric_30,4,30.94601817210048,3742,1074,28.7,0.9507,0.8817,0.9311501809159302,0.9315508021390374,249.6
isolet,symmetric_40,0,38.75968992248063,3741,1404,37.53,0.9466,0.9166,0.9056968216503865,0.905982905982906,230.9
isolet,symmetric_40,1,40.68430900828656,3741,1466,39.19,0.9366,0.9021,0.9217587732144314,0.9220085470085472,249.3
isolet,symmetric_40,2,39.3372528059861,3742,1404,37.52,0.9473,0.9035,0.9233503737840189,0.9240641711229948,243.0
isolet,symmetric_40,3,40.88722608230893,3742,1488,39.76,0.9388,0.9131,0.9463860120128184,0.946524064171123,236.4
isolet,symmetric_40,4,39.57776590058792,3742,1430,38.21,0.9566,0.9237,0.920644414246471,0.920855614973262,225.2
fmnist,asymmetric_10,0,10.291666666666668,28800,4252,14.76,0.6632,0.9514,0.8896173591160619,0.8902777777777777,310.5
fmnist,asymmetric_10,1,10.142361111111112,28800,4301,14.93,0.6545,0.9637,0.8822980406007913,0.8830555555555556,328.1
fmnist,asymmetric_10,2,10.03125,28800,4137,14.36,0.6626,0.9488,0.8807190308263608,0.8819444444444444,332.7
fmnist,asymmetric_10,3,9.78125,28800,4068,14.12,0.65,0.9386,0.8787651586988179,0.8790277777777777,325.8
fmnist,asymmetric_10,4,10.322916666666666,28800,4228,14.68,0.6644,0.9448,0.8908801305225431,0.8911111111111111,328.1
fmnist,asymmetric_20,0,20.118055555555557,28800,6996,24.29,0.7893,0.9531,0.8864115211828208,0.8873611111111112,316.4
fmnist,asymmetric_20,1,19.88888888888889,28800,6875,23.87,0.7879,0.9457,0.8773840142323852,0.8784722222222222,337.1
fmnist,asymmetric_20,2,19.49652777777778,28800,6870,23.85,0.7793,0.9535,0.8794479833316231,0.8806944444444444,292.1
fmnist,asymmetric_20,3,20.243055555555557,28800,7052,24.49,0.7947,0.9612,0.8752658589436978,0.8758333333333334,276.3
fmnist,asymmetric_20,4,19.739583333333332,28800,6909,23.99,0.7842,0.953,0.884889815144906,0.8852777777777778,284.6
fmnist,asymmetric_30,0,29.944444444444446,28800,9502,32.99,0.8427,0.9285,0.8817728043976951,0.8825,285.1
fmnist,asymmetric_30,1,29.569444444444443,28800,9459,32.84,0.8403,0.9333,0.8749346033945116,0.8758333333333334,281.8
fmnist,asymmetric_30,2,29.944444444444446,28800,9534,33.1,0.8418,0.9307,0.8695833364070437,0.8713888888888889,289.1
fmnist,asymmetric_30,3,29.812499999999996,28800,9492,32.96,0.8444,0.9335,0.8717497139044689,0.8726388888888889,296.1
fmnist,asymmetric_30,4,30.01388888888889,28800,9540,33.12,0.8409,0.928,0.883557548459275,0.8840277777777777,287.4
fmnist,asymmetric_40,0,39.75694444444444,28800,12234,42.48,0.7699,0.8226,0.8640304641763393,0.8647222222222222,318.8
fmnist,asymmetric_40,1,39.89930555555555,28800,12126,42.1,0.7719,0.8146,0.8533032931391775,0.8538888888888889,315.5
fmnist,asymmetric_40,2,39.916666666666664,28800,12033,41.78,0.7755,0.8118,0.8497210967457247,0.8501388888888889,318.3
fmnist,asymmetric_40,3,39.94444444444444,28800,12299,42.7,0.7624,0.8151,0.8520950101035144,0.8529166666666667,324.0
fmnist,asymmetric_40,4,40.00694444444444,28800,12248,42.53,0.7603,0.8082,0.8574480505404303,0.8581944444444445,369.0
fmnist,clean_0,0,0.0,28800,1281,4.45,0.0,,0.8913335187755939,0.8916666666666667,403.2
fmnist,clean_0,1,0.0,28800,1223,4.25,0.0,,0.8857382321553121,0.88625,395.1
fmnist,clean_0,2,0.0,28800,1247,4.33,0.0,,0.8885394153430244,0.8891666666666667,374.1
fmnist,clean_0,3,0.0,28800,1243,4.32,0.0,,0.8811754135247172,0.88125,374.0
fmnist,clean_0,4,0.0,28800,1256,4.36,0.0,,0.8925526371288133,0.8923611111111112,370.4
fmnist,pairflip_40,0,23.82638888888889,28800,8023,27.86,0.6509,0.761,0.8580583038126509,0.8591666666666666,383.1
fmnist,pairflip_40,1,23.94097222222222,28800,7943,27.58,0.6516,0.7507,0.8500519050429907,0.8516666666666667,288.5
fmnist,pairflip_40,2,23.73611111111111,28800,7849,27.25,0.6672,0.7661,0.8553971933496411,0.8579166666666667,273.3
fmnist,pairflip_40,3,23.8125,28800,7974,27.69,0.6561,0.7629,0.8587997426348973,0.8613888888888889,277.3
fmnist,pairflip_40,4,24.065972222222225,28800,8197,28.46,0.6445,0.7622,0.8541052293361722,0.8570833333333333,284.2
fmnist,symmetric_10,0,10.291666666666668,28800,4246,14.74,0.6514,0.9332,0.8875628106481696,0.8883333333333333,285.8
fmnist,symmetric_10,1,10.142361111111112,28800,4201,14.59,0.6434,0.9254,0.8813782433670424,0.8820833333333333,259.5
fmnist,symmetric_10,2,10.03125,28800,4151,14.41,0.6396,0.919,0.8813967737947115,0.8826388888888889,265.9
fmnist,symmetric_10,3,9.78125,28800,4026,13.98,0.6366,0.9098,0.8778297384717325,0.8780555555555556,304.8
fmnist,symmetric_10,4,10.322916666666666,28800,4246,14.74,0.6465,0.9233,0.8905368189721035,0.8908333333333334,306.7
fmnist,symmetric_20,0,20.118055555555557,28800,6943,24.11,0.7817,0.9367,0.885800357948652,0.8868055555555555,273.9
fmnist,symmetric_20,1,19.88888888888889,28800,6873,23.86,0.7786,0.9342,0.8764483775811543,0.8777777777777778,270.9
fmnist,symmetric_20,2,19.49652777777778,28800,6784,23.56,0.7718,0.9325,0.878703880340818,0.8802777777777778,297.5
fmnist,symmetric_20,3,20.243055555555557,28800,6990,24.27,0.7866,0.9431,0.87282027120616,0.8738888888888889,272.3
fmnist,symmetric_20,4,19.739583333333332,28800,6834,23.73,0.7812,0.9391,0.8805705025021014,0.8815277777777778,285.8
fmnist,symmetric_30,0,29.944444444444446,28800,9581,33.27,0.8448,0.9385,0.8800489448306432,0.88125,257.8
fmnist,symmetric_30,1,29.569444444444443,28800,9490,32.95,0.8486,0.9456,0.8768343752527082,0.8783333333333333,251.6
fmnist,symmetric_30,2,29.944444444444446,28800,9607,33.36,0.8457,0.9421,0.8688811530323642,0.87125,250.0
fmnist,symmetric_30,3,29.812499999999996,28800,9549,33.16,0.8488,0.944,0.8725527921534086,0.87375,267.3
fmnist,symmetric_30,4,30.01388888888889,28800,9546,33.15,0.8474,0.9358,0.8793767700400371,0.8804166666666666,260.6
fmnist,symmetric_40,0,39.75694444444444,28800,12091,41.98,0.8887,0.9384,0.8774941536943841,0.8790277777777777,242.2
fmnist,symmetric_40,1,39.89930555555555,28800,12124,42.1,0.8886,0.9375,0.8694622074494168,0.87125,246.7
fmnist,symmetric_40,2,39.916666666666664,28800,12140,42.15,0.8876,0.9373,0.8666945176005628,0.8690277777777777,238.5
fmnist,symmetric_40,3,39.94444444444444,28800,12154,42.2,0.8898,0.9401,0.8677601887047516,0.8695833333333334,249.3
fmnist,symmetric_40,4,40.00694444444444,28800,12242,42.51,0.8856,0.9409,0.873632770753864,0.8752777777777778,233.2
cifar10,asymmetric_10,0,10.158333333333333,24000,3397,14.15,0.6679,0.9307,0.8604698835749367,0.8605,312.3
cifar10,asymmetric_10,1,10.1625,24000,3472,14.47,0.6587,0.9377,0.871873402206034,0.8718333333333333,312.3
cifar10,asymmetric_10,2,10.05,24000,3397,14.15,0.6612,0.9312,0.864729653621039,0.8648333333333333,317.3
cifar10,asymmetric_10,3,9.766666666666666,24000,3364,14.02,0.6507,0.9339,0.8693193063819293,0.8691666666666666,316.4
cifar10,asymmetric_10,4,10.2875,24000,3473,14.47,0.6625,0.932,0.856433071571925,0.8565,314.3
cifar10,asymmetric_20,0,20.125,24000,5800,24.17,0.7757,0.9315,0.8501390908520898,0.85,282.8
cifar10,asymmetric_20,1,19.9125,24000,5711,23.8,0.775,0.9261,0.8634270466344474,0.8635,283.3
cifar10,asymmetric_20,2,19.4375,24000,5655,23.56,0.7738,0.938,0.8560246100585488,0.856,289.2
cifar10,asymmetric_20,3,20.2875,24000,5840,24.33,0.7747,0.9291,0.864021017418886,0.864,285.4
cifar10,asymmetric_20,4,19.8375,24000,5687,23.7,0.7732,0.9235,0.8508521868477856,0.8508333333333333,285.4
cifar10,asymmetric_30,0,30.012499999999996,24000,8045,33.52,0.8083,0.9028,0.8442950349214003,0.8445,260.7
cifar10,asymmetric_30,1,29.50833333333333,24000,7909,32.95,0.8033,0.8971,0.8582678903249713,0.8583333333333333,260.8
cifar10,asymmetric_30,2,30.0375,24000,8089,33.7,0.8041,0.9022,0.8532409974445884,0.8531666666666666,262.2
cifar10,asymmetric_30,3,29.770833333333336,24000,7944,33.1,0.8056,0.8957,0.8533894820288083,0.8533333333333334,265.5
cifar10,asymmetric_30,4,30.020833333333336,24000,8040,33.5,0.8078,0.9015,0.8481360011901715,0.8478333333333333,268.2
cifar10,asymmetric_40,0,39.625,24000,10231,42.63,0.7163,0.7706,0.7944536687811411,0.795,286.5
cifar10,asymmetric_40,1,39.90416666666667,24000,10317,42.99,0.7208,0.7764,0.8123862910693204,0.8126666666666666,310.2
cifar10,asymmetric_40,2,39.925,24000,10382,43.26,0.7187,0.7788,0.8078548849453695,0.8078333333333333,285.5
cifar10,asymmetric_40,3,40.1,24000,10365,43.19,0.7157,0.7708,0.81615118842761,0.816,286.1
cifar10,asymmetric_40,4,40.10416666666667,24000,10430,43.46,0.7177,0.7778,0.8063376702863725,0.8061666666666667,287.0
cifar10,c10n_aggre_0,0,8.883333333333333,24000,2157,8.99,0.6073,0.6144,0.864329397636667,0.8645,345.2
cifar10,c10n_aggre_0,1,8.945833333333333,24000,2204,9.18,0.6007,0.6167,0.8667661925293524,0.867,353.8
cifar10,c10n_aggre_0,2,8.987499999999999,24000,2196,9.15,0.6025,0.6134,0.860461997825874,0.8606666666666667,361.2
cifar10,c10n_aggre_0,3,8.958333333333334,24000,2219,9.25,0.6012,0.6205,0.8725787926945783,0.8726666666666667,353.0
cifar10,c10n_aggre_0,4,8.858333333333333,24000,2173,9.05,0.6024,0.6157,0.8556903397551403,0.8558333333333333,346.1
cifar10,c10n_random1_0,0,17.325,24000,4171,17.38,0.7519,0.7542,0.8542896832909228,0.8545,315.3
cifar10,c10n_random1_0,1,17.09583333333333,24000,4132,17.22,0.7461,0.7514,0.8612951795237226,0.8616666666666667,322.6
cifar10,c10n_random1_0,2,17.1125,24000,4093,17.05,0.7501,0.7475,0.857684108629605,0.858,331.7
cifar10,c10n_random1_0,3,17.133333333333333,24000,4194,17.47,0.7387,0.7534,0.8657718262072749,0.8658333333333333,347.1
cifar10,c10n_random1_0,4,17.333333333333336,24000,4174,17.39,0.7489,0.7514,0.8542765584175747,0.8545,341.6
cifar10,c10n_worse_0,0,40.229166666666664,24000,8633,35.97,0.8812,0.7879,0.8263650549362881,0.8278333333333333,281.3
cifar10,c10n_worse_0,1,40.25416666666667,24000,8669,36.12,0.8773,0.7872,0.8291481361418676,0.8305,282.6
cifar10,c10n_worse_0,2,40.204166666666666,24000,8615,35.9,0.8786,0.7844,0.825151011637565,0.8261666666666667,287.1
cifar10,c10n_worse_0,3,40.15416666666667,24000,8584,35.77,0.8799,0.7838,0.8368661868307707,0.8376666666666667,289.8
cifar10,c10n_worse_0,4,40.125,24000,8586,35.77,0.8796,0.7842,0.8271947560592178,0.8281666666666667,286.2
cifar10,clean_0,0,0.0,24000,929,3.87,0.0,,0.8619525842204044,0.8618333333333333,372.4
cifar10,clean_0,1,0.0,24000,975,4.06,0.0,,0.8731894440388717,0.8731666666666666,374.3
cifar10,clean_0,2,0.0,24000,931,3.88,0.0,,0.8691584843610883,0.869,368.2
cifar10,clean_0,3,0.0,24000,970,4.04,0.0,,0.8730922494730631,0.8728333333333333,375.3
cifar10,clean_0,4,0.0,24000,974,4.06,0.0,,0.858089768636443,0.8578333333333333,408.6
cifar10,pairflip_40,0,23.891666666666666,24000,6835,28.48,0.6184,0.7372,0.821528130063491,0.8226666666666667,323.4
cifar10,pairflip_40,1,24.183333333333334,24000,6922,28.84,0.6031,0.7193,0.8293140410311024,0.8303333333333334,357.5
cifar10,pairflip_40,2,23.995833333333334,24000,6892,28.72,0.6156,0.7368,0.8307312390389356,0.8313333333333334,317.4
cifar10,pairflip_40,3,24.270833333333332,24000,6979,29.08,0.6041,0.7238,0.8319775477091802,0.833,317.9
cifar10,pairflip_40,4,23.8375,24000,6762,28.18,0.618,0.7305,0.8265148103986151,0.8275,329.2
cifar10,symmetric_10,0,10.158333333333333,24000,3421,14.25,0.6478,0.9089,0.856633969189941,0.8566666666666667,339.7
cifar10,symmetric_10,1,10.1625,24000,3413,14.22,0.6396,0.895,0.8728486336343722,0.8728333333333333,335.2
cifar10,symmetric_10,2,10.05,24000,3401,14.17,0.638,0.8997,0.8642575326460765,0.8643333333333333,337.7
cifar10,symmetric_10,3,9.766666666666666,24000,3343,13.93,0.6366,0.9078,0.8716667461389017,0.8715,353.8
cifar10,symmetric_10,4,10.2875,24000,3477,14.49,0.6445,0.9077,0.8569970243153545,0.857,341.1
cifar10,symmetric_20,0,20.125,24000,5740,23.92,0.7709,0.9161,0.8546207195623164,0.8548333333333333,299.2
cifar10,symmetric_20,1,19.9125,24000,5630,23.46,0.7726,0.9102,0.8668001549527705,0.867,312.6
cifar10,symmetric_20,2,19.4375,24000,5608,23.37,0.7662,0.9211,0.8610527970011391,0.861,320.0
cifar10,symmetric_20,3,20.2875,24000,5773,24.05,0.771,0.9142,0.8639556077973838,0.864,308.8
cifar10,symmetric_20,4,19.8375,24000,5702,23.76,0.7692,0.9212,0.8555833302804494,0.8556666666666667,316.8
cifar10,symmetric_30,0,30.012499999999996,24000,7846,32.69,0.8399,0.9149,0.8505853252417154,0.8508333333333333,292.0
cifar10,symmetric_30,1,29.50833333333333,24000,7689,32.04,0.8385,0.9103,0.8565465946954657,0.8568333333333333,293.9
cifar10,symmetric_30,2,30.0375,24000,7924,33.02,0.8387,0.9219,0.8553930054341332,0.8556666666666667,289.9
cifar10,symmetric_30,3,29.770833333333336,24000,7779,32.41,0.8391,0.9135,0.8654028046456472,0.8653333333333333,288.0
cifar10,symmetric_30,4,30.020833333333336,24000,7839,32.66,0.8436,0.9178,0.8481494617422293,0.8481666666666666,291.1
cifar10,symmetric_40,0,39.625,24000,9807,40.86,0.8814,0.9089,0.8466462685760685,0.847,312.6
cifar10,symmetric_40,1,39.90416666666667,24000,9924,41.35,0.8812,0.9131,0.8536172572163515,0.854,277.9
cifar10,symmetric_40,2,39.925,24000,9852,41.05,0.8855,0.9105,0.8506856941914676,0.851,286.2
cifar10,symmetric_40,3,40.1,24000,9900,41.25,0.8836,0.909,0.858737009893076,0.8588333333333333,301.1
cifar10,symmetric_40,4,40.10416666666667,24000,9925,41.35,0.8821,0.9096,0.845538088556037,0.8456666666666667,295.9
