source_file,domain,who,noise_type,noise_level,mean,std,count
equal_n_intermediate.csv,Tabular,RF_100k,asymmetric,0.0,0.852281,0.006032,5
equal_n_intermediate.csv,Tabular,RF_100k,asymmetric,0.1,0.833768,0.002999,5
equal_n_intermediate.csv,Tabular,RF_100k,asymmetric,0.2,0.779511,0.007415,5
equal_n_intermediate.csv,Tabular,RF_100k,asymmetric,0.3,0.674268,0.009536,5
equal_n_intermediate.csv,Tabular,RF_100k,asymmetric,0.4,0.542779,0.009042,5
equal_n_intermediate.csv,Tabular,RF_100k,pairflip,0.4,0.691972,0.004625,5
equal_n_intermediate.csv,Tabular,RF_100k,symmetric,0.0,0.852281,0.006032,5
equal_n_intermediate.csv,Tabular,RF_100k,symmetric,0.1,0.835264,0.003733,5
equal_n_intermediate.csv,Tabular,RF_100k,symmetric,0.2,0.793824,0.00418,5
equal_n_intermediate.csv,Tabular,RF_100k,symmetric,0.3,0.729124,0.006946,5
equal_n_intermediate.csv,Tabular,RF_100k,symmetric,0.4,0.649101,0.003321,5
equal_n_intermediate.csv,Tabular,Voting_100k,asymmetric,0.0,0.88614,0.007409,5
equal_n_intermediate.csv,Tabular,Voting_100k,asymmetric,0.1,0.850956,0.005318,5
equal_n_intermediate.csv,Tabular,Voting_100k,asymmetric,0.2,0.790713,0.006963,5
equal_n_intermediate.csv,Tabular,Voting_100k,asymmetric,0.3,0.684443,0.007916,5
equal_n_intermediate.csv,Tabular,Voting_100k,asymmetric,0.4,0.555006,0.00907,5
equal_n_intermediate.csv,Tabular,Voting_100k,pairflip,0.4,0.702199,0.003763,5
equal_n_intermediate.csv,Tabular,Voting_100k,symmetric,0.0,0.88614,0.007409,5
equal_n_intermediate.csv,Tabular,Voting_100k,symmetric,0.1,0.850977,0.004395,5
equal_n_intermediate.csv,Tabular,Voting_100k,symmetric,0.2,0.806988,0.003913,5
equal_n_intermediate.csv,Tabular,Voting_100k,symmetric,0.3,0.747878,0.007087,5
equal_n_intermediate.csv,Tabular,Voting_100k,symmetric,0.4,0.666788,0.004793,5
equal_n_intermediate.csv,Tabular,XGBoost_100k,asymmetric,0.0,0.887467,0.006434,5
equal_n_intermediate.csv,Tabular,XGBoost_100k,asymmetric,0.1,0.843353,0.006308,5
equal_n_intermediate.csv,Tabular,XGBoost_100k,asymmetric,0.2,0.776659,0.006948,5
equal_n_intermediate.csv,Tabular,XGBoost_100k,asymmetric,0.3,0.662922,0.008975,5
equal_n_intermediate.csv,Tabular,XGBoost_100k,asymmetric,0.4,0.53368,0.008797,5
equal_n_intermediate.csv,Tabular,XGBoost_100k,pairflip,0.4,0.687547,0.005167,5
equal_n_intermediate.csv,Tabular,XGBoost_100k,symmetric,0.0,0.887467,0.006434,5
equal_n_intermediate.csv,Tabular,XGBoost_100k,symmetric,0.1,0.848961,0.001827,5
equal_n_intermediate.csv,Tabular,XGBoost_100k,symmetric,0.2,0.806973,0.006433,5
equal_n_intermediate.csv,Tabular,XGBoost_100k,symmetric,0.3,0.747792,0.007892,5
equal_n_intermediate.csv,Tabular,XGBoost_100k,symmetric,0.4,0.667417,0.005568,5
equal_n_results_full.csv,Tabular,RF_100k,asymmetric,0.0,0.852281,0.006032,5
equal_n_results_full.csv,Tabular,RF_100k,asymmetric,0.1,0.833768,0.002999,5
equal_n_results_full.csv,Tabular,RF_100k,asymmetric,0.2,0.779511,0.007415,5
equal_n_results_full.csv,Tabular,RF_100k,asymmetric,0.3,0.674268,0.009536,5
equal_n_results_full.csv,Tabular,RF_100k,asymmetric,0.4,0.542779,0.009042,5
equal_n_results_full.csv,Tabular,RF_100k,pairflip,0.4,0.691972,0.004625,5
equal_n_results_full.csv,Tabular,RF_100k,symmetric,0.0,0.852281,0.006032,5
equal_n_results_full.csv,Tabular,RF_100k,symmetric,0.1,0.835264,0.003733,5
equal_n_results_full.csv,Tabular,RF_100k,symmetric,0.2,0.793824,0.00418,5
equal_n_results_full.csv,Tabular,RF_100k,symmetric,0.3,0.729124,0.006946,5
equal_n_results_full.csv,Tabular,RF_100k,symmetric,0.4,0.649101,0.003321,5
equal_n_results_full.csv,Tabular,Voting_100k,asymmetric,0.0,0.88614,0.007409,5
equal_n_results_full.csv,Tabular,Voting_100k,asymmetric,0.1,0.850956,0.005318,5
equal_n_results_full.csv,Tabular,Voting_100k,asymmetric,0.2,0.790713,0.006963,5
equal_n_results_full.csv,Tabular,Voting_100k,asymmetric,0.3,0.684443,0.007916,5
equal_n_results_full.csv,Tabular,Voting_100k,asymmetric,0.4,0.555006,0.00907,5
equal_n_results_full.csv,Tabular,Voting_100k,pairflip,0.4,0.702199,0.003763,5
equal_n_results_full.csv,Tabular,Voting_100k,symmetric,0.0,0.88614,0.007409,5
equal_n_results_full.csv,Tabular,Voting_100k,symmetric,0.1,0.850977,0.004395,5
equal_n_results_full.csv,Tabular,Voting_100k,symmetric,0.2,0.806988,0.003913,5
equal_n_results_full.csv,Tabular,Voting_100k,symmetric,0.3,0.747878,0.007087,5
equal_n_results_full.csv,Tabular,Voting_100k,symmetric,0.4,0.666788,0.004793,5
equal_n_results_full.csv,Tabular,XGBoost_100k,asymmetric,0.0,0.887467,0.006434,5
equal_n_results_full.csv,Tabular,XGBoost_100k,asymmetric,0.1,0.843353,0.006308,5
equal_n_results_full.csv,Tabular,XGBoost_100k,asymmetric,0.2,0.776659,0.006948,5
equal_n_results_full.csv,Tabular,XGBoost_100k,asymmetric,0.3,0.662922,0.008975,5
equal_n_results_full.csv,Tabular,XGBoost_100k,asymmetric,0.4,0.53368,0.008797,5
equal_n_results_full.csv,Tabular,XGBoost_100k,pairflip,0.4,0.687547,0.005167,5
equal_n_results_full.csv,Tabular,XGBoost_100k,symmetric,0.0,0.887467,0.006434,5
equal_n_results_full.csv,Tabular,XGBoost_100k,symmetric,0.1,0.848961,0.001827,5
equal_n_results_full.csv,Tabular,XGBoost_100k,symmetric,0.2,0.806973,0.006433,5
equal_n_results_full.csv,Tabular,XGBoost_100k,symmetric,0.3,0.747792,0.007892,5
equal_n_results_full.csv,Tabular,XGBoost_100k,symmetric,0.4,0.667417,0.005568,5
master_all_results.csv,Image,RandomForest_Image/RF,asymmetric,0.0,0.902355,0.008382,5
master_all_results.csv,Image,RandomForest_Image/RF,asymmetric,0.1,0.900892,0.007803,5
master_all_results.csv,Image,RandomForest_Image/RF,asymmetric,0.2,0.893828,0.007561,5
master_all_results.csv,Image,RandomForest_Image/RF,asymmetric,0.3,0.880869,0.00427,5
master_all_results.csv,Image,RandomForest_Image/RF,asymmetric,0.4,0.803502,0.010908,5
master_all_results.csv,Image,RandomForest_Image/RF,symmetric,0.0,0.902355,0.008382,5
master_all_results.csv,Image,RandomForest_Image/RF,symmetric,0.1,0.901425,0.007368,5
master_all_results.csv,Image,RandomForest_Image/RF,symmetric,0.2,0.902217,0.006383,5
master_all_results.csv,Image,RandomForest_Image/RF,symmetric,0.3,0.900049,0.002799,5
master_all_results.csv,Image,RandomForest_Image/RF,symmetric,0.4,0.895397,0.006487,5
master_all_results.csv,Image,Stacking_Image/Stacking,asymmetric,0.0,0.935236,0.004757,5
master_all_results.csv,Image,Stacking_Image/Stacking,asymmetric,0.1,0.927424,0.005643,5
master_all_results.csv,Image,Stacking_Image/Stacking,asymmetric,0.2,0.900834,0.00925,5
master_all_results.csv,Image,Stacking_Image/Stacking,asymmetric,0.3,0.859493,0.00618,5
master_all_results.csv,Image,Stacking_Image/Stacking,asymmetric,0.4,0.77659,0.012038,5
master_all_results.csv,Image,Stacking_Image/Stacking,symmetric,0.0,0.935236,0.004757,5
master_all_results.csv,Image,Stacking_Image/Stacking,symmetric,0.1,0.936156,0.007146,5
master_all_results.csv,Image,Stacking_Image/Stacking,symmetric,0.2,0.928842,0.004934,5
master_all_results.csv,Image,Stacking_Image/Stacking,symmetric,0.3,0.921547,0.005857,5
master_all_results.csv,Image,Stacking_Image/Stacking,symmetric,0.4,0.9141,0.00245,5
master_all_results.csv,Image,Voting_Image/Voting,asymmetric,0.0,0.933391,0.005507,5
master_all_results.csv,Image,Voting_Image/Voting,asymmetric,0.1,0.929178,0.005657,5
master_all_results.csv,Image,Voting_Image/Voting,asymmetric,0.2,0.91877,0.010107,5
master_all_results.csv,Image,Voting_Image/Voting,asymmetric,0.3,0.886737,0.006233,5
master_all_results.csv,Image,Voting_Image/Voting,asymmetric,0.4,0.76895,0.018748,5
master_all_results.csv,Image,Voting_Image/Voting,symmetric,0.0,0.933391,0.005507,5
master_all_results.csv,Image,Voting_Image/Voting,symmetric,0.1,0.932839,0.005471,5
master_all_results.csv,Image,Voting_Image/Voting,symmetric,0.2,0.928495,0.005815,5
master_all_results.csv,Image,Voting_Image/Voting,symmetric,0.3,0.925164,0.005992,5
master_all_results.csv,Image,Voting_Image/Voting,symmetric,0.4,0.919157,0.005859,5
master_all_results.csv,Image,XGBoost_Image/XGBoost,asymmetric,0.0,0.934855,0.004525,5
master_all_results.csv,Image,XGBoost_Image/XGBoost,asymmetric,0.1,0.930221,0.005736,5
master_all_results.csv,Image,XGBoost_Image/XGBoost,asymmetric,0.2,0.914348,0.009973,5
master_all_results.csv,Image,XGBoost_Image/XGBoost,asymmetric,0.3,0.865632,0.009558,5
master_all_results.csv,Image,XGBoost_Image/XGBoost,asymmetric,0.4,0.720456,0.016893,5
master_all_results.csv,Image,XGBoost_Image/XGBoost,symmetric,0.0,0.934855,0.004525,5
master_all_results.csv,Image,XGBoost_Image/XGBoost,symmetric,0.1,0.933956,0.006018,5
master_all_results.csv,Image,XGBoost_Image/XGBoost,symmetric,0.2,0.927756,0.008184,5
master_all_results.csv,Image,XGBoost_Image/XGBoost,symmetric,0.3,0.92271,0.00484,5
master_all_results.csv,Image,XGBoost_Image/XGBoost,symmetric,0.4,0.9094,0.00568,5
master_all_results.csv,Tabular,RandomForest/RF,asymmetric,0.0,0.910722,0.002709,5
master_all_results.csv,Tabular,RandomForest/RF,asymmetric,0.1,0.896734,0.002086,5
master_all_results.csv,Tabular,RandomForest/RF,asymmetric,0.2,0.836267,0.004628,5
master_all_results.csv,Tabular,RandomForest/RF,asymmetric,0.3,0.726857,0.00471,5
master_all_results.csv,Tabular,RandomForest/RF,asymmetric,0.4,0.588117,0.004139,5
master_all_results.csv,Tabular,RandomForest/RF,symmetric,0.0,0.910722,0.002709,5
master_all_results.csv,Tabular,RandomForest/RF,symmetric,0.1,0.898765,0.003965,5
master_all_results.csv,Tabular,RandomForest/RF,symmetric,0.2,0.860002,0.003372,5
master_all_results.csv,Tabular,RandomForest/RF,symmetric,0.3,0.793958,0.003271,5
master_all_results.csv,Tabular,RandomForest/RF,symmetric,0.4,0.706828,0.003194,5
master_all_results.csv,Tabular,Stacking/Stacking,asymmetric,0.0,0.889453,0.005669,5
master_all_results.csv,Tabular,Stacking/Stacking,asymmetric,0.1,0.858395,0.005139,5
master_all_results.csv,Tabular,Stacking/Stacking,asymmetric,0.2,0.823564,0.00342,5
master_all_results.csv,Tabular,Stacking/Stacking,asymmetric,0.3,0.778708,0.009511,5
master_all_results.csv,Tabular,Stacking/Stacking,asymmetric,0.4,0.683063,0.011647,5
master_all_results.csv,Tabular,Stacking/Stacking,symmetric,0.0,0.889453,0.005669,5
master_all_results.csv,Tabular,Stacking/Stacking,symmetric,0.1,0.855999,0.004343,5
master_all_results.csv,Tabular,Stacking/Stacking,symmetric,0.2,0.828475,0.004944,5
master_all_results.csv,Tabular,Stacking/Stacking,symmetric,0.3,0.780428,0.008447,5
master_all_results.csv,Tabular,Stacking/Stacking,symmetric,0.4,0.677576,0.01325,5
master_all_results.csv,Tabular,Voting/Voting,asymmetric,0.0,0.932996,0.002947,5
master_all_results.csv,Tabular,Voting/Voting,asymmetric,0.1,0.909361,0.002503,5
master_all_results.csv,Tabular,Voting/Voting,asymmetric,0.2,0.849131,0.004692,5
master_all_results.csv,Tabular,Voting/Voting,asymmetric,0.3,0.742671,0.003827,5
master_all_results.csv,Tabular,Voting/Voting,asymmetric,0.4,0.60435,0.003634,5
master_all_results.csv,Tabular,Voting/Voting,symmetric,0.0,0.932996,0.002947,5
master_all_results.csv,Tabular,Voting/Voting,symmetric,0.1,0.909306,0.004039,5
master_all_results.csv,Tabular,Voting/Voting,symmetric,0.2,0.879139,0.004073,5
master_all_results.csv,Tabular,Voting/Voting,symmetric,0.3,0.830947,0.004635,5
master_all_results.csv,Tabular,Voting/Voting,symmetric,0.4,0.76098,0.002827,5
master_all_results.csv,Tabular,XGBoost/XGBoost,asymmetric,0.0,0.936235,0.001573,5
master_all_results.csv,Tabular,XGBoost/XGBoost,asymmetric,0.1,0.906548,0.00324,5
master_all_results.csv,Tabular,XGBoost/XGBoost,asymmetric,0.2,0.85106,0.004286,5
master_all_results.csv,Tabular,XGBoost/XGBoost,asymmetric,0.3,0.751113,0.003691,5
master_all_results.csv,Tabular,XGBoost/XGBoost,asymmetric,0.4,0.607692,0.005298,5
master_all_results.csv,Tabular,XGBoost/XGBoost,symmetric,0.0,0.936235,0.001573,5
master_all_results.csv,Tabular,XGBoost/XGBoost,symmetric,0.1,0.910638,0.00338,5
master_all_results.csv,Tabular,XGBoost/XGBoost,symmetric,0.2,0.888716,0.0048,5
master_all_results.csv,Tabular,XGBoost/XGBoost,symmetric,0.3,0.857507,0.006481,5
master_all_results.csv,Tabular,XGBoost/XGBoost,symmetric,0.4,0.807081,0.002947,5
pairflip_intermediate.csv,Image,RF/RF,pairflip,0.4,0.849083,0.011182,5
pairflip_intermediate.csv,Image,Stacking/Stacking,pairflip,0.4,0.888953,0.009056,5
pairflip_intermediate.csv,Image,Voting/Voting,pairflip,0.4,0.838461,0.008074,5
pairflip_intermediate.csv,Image,XGBoost/XGBoost,pairflip,0.4,0.813168,0.003574,5
pairflip_intermediate.csv,Tabular,RF/RF,pairflip,0.4,0.73335,0.00422,5
pairflip_intermediate.csv,Tabular,Stacking/Stacking,pairflip,0.4,0.80933,0.011703,5
pairflip_intermediate.csv,Tabular,Voting/Voting,pairflip,0.4,0.750752,0.002649,5
pairflip_intermediate.csv,Tabular,XGBoost/XGBoost,pairflip,0.4,0.74954,0.003027,5
pairflip_results_full.csv,Image,RF/RF,pairflip,0.4,0.849083,0.011182,5
pairflip_results_full.csv,Image,Stacking/Stacking,pairflip,0.4,0.888953,0.009056,5
pairflip_results_full.csv,Image,Voting/Voting,pairflip,0.4,0.838461,0.008074,5
pairflip_results_full.csv,Image,XGBoost/XGBoost,pairflip,0.4,0.813168,0.003574,5
pairflip_results_full.csv,Tabular,RF/RF,pairflip,0.4,0.73335,0.00422,5
pairflip_results_full.csv,Tabular,Stacking/Stacking,pairflip,0.4,0.80933,0.011703,5
pairflip_results_full.csv,Tabular,Voting/Voting,pairflip,0.4,0.750752,0.002649,5
pairflip_results_full.csv,Tabular,XGBoost/XGBoost,pairflip,0.4,0.74954,0.003027,5
rf_image_results_full.csv,Image,RandomForest_Image,asymmetric,0.0,0.902355,0.008382,5
rf_image_results_full.csv,Image,RandomForest_Image,asymmetric,0.1,0.900892,0.007803,5
rf_image_results_full.csv,Image,RandomForest_Image,asymmetric,0.2,0.893828,0.007561,5
rf_image_results_full.csv,Image,RandomForest_Image,asymmetric,0.3,0.880869,0.00427,5
rf_image_results_full.csv,Image,RandomForest_Image,asymmetric,0.4,0.803502,0.010908,5
rf_image_results_full.csv,Image,RandomForest_Image,symmetric,0.0,0.902355,0.008382,5
rf_image_results_full.csv,Image,RandomForest_Image,symmetric,0.1,0.901425,0.007368,5
rf_image_results_full.csv,Image,RandomForest_Image,symmetric,0.2,0.902217,0.006383,5
rf_image_results_full.csv,Image,RandomForest_Image,symmetric,0.3,0.900049,0.002799,5
rf_image_results_full.csv,Image,RandomForest_Image,symmetric,0.4,0.895397,0.006487,5
rf_image_results_intermediate.csv,Image,RandomForest_Image,asymmetric,0.0,0.902355,0.008382,5
rf_image_results_intermediate.csv,Image,RandomForest_Image,asymmetric,0.1,0.900892,0.007803,5
rf_image_results_intermediate.csv,Image,RandomForest_Image,asymmetric,0.2,0.893828,0.007561,5
rf_image_results_intermediate.csv,Image,RandomForest_Image,asymmetric,0.3,0.880869,0.00427,5
rf_image_results_intermediate.csv,Image,RandomForest_Image,asymmetric,0.4,0.803502,0.010908,5
rf_image_results_intermediate.csv,Image,RandomForest_Image,symmetric,0.0,0.902355,0.008382,5
rf_image_results_intermediate.csv,Image,RandomForest_Image,symmetric,0.1,0.901425,0.007368,5
rf_image_results_intermediate.csv,Image,RandomForest_Image,symmetric,0.2,0.902217,0.006383,5
rf_image_results_intermediate.csv,Image,RandomForest_Image,symmetric,0.3,0.900049,0.002799,5
rf_image_results_intermediate.csv,Image,RandomForest_Image,symmetric,0.4,0.895397,0.006487,5
rf_image_test_results.csv,Image,RandomForest_Image,,,0.903808,,1
rf_results_full.csv,UNKNOWN,RandomForest,asymmetric,0.0,0.910722,0.002709,5
rf_results_full.csv,UNKNOWN,RandomForest,asymmetric,0.1,0.896734,0.002086,5
rf_results_full.csv,UNKNOWN,RandomForest,asymmetric,0.2,0.836267,0.004628,5
rf_results_full.csv,UNKNOWN,RandomForest,asymmetric,0.3,0.726857,0.00471,5
rf_results_full.csv,UNKNOWN,RandomForest,asymmetric,0.4,0.588117,0.004139,5
rf_results_full.csv,UNKNOWN,RandomForest,symmetric,0.0,0.910722,0.002709,5
rf_results_full.csv,UNKNOWN,RandomForest,symmetric,0.1,0.898765,0.003965,5
rf_results_full.csv,UNKNOWN,RandomForest,symmetric,0.2,0.860002,0.003372,5
rf_results_full.csv,UNKNOWN,RandomForest,symmetric,0.3,0.793958,0.003271,5
rf_results_full.csv,UNKNOWN,RandomForest,symmetric,0.4,0.706828,0.003194,5
rf_results_intermediate.csv,UNKNOWN,RandomForest,asymmetric,0.0,0.910722,0.002709,5
rf_results_intermediate.csv,UNKNOWN,RandomForest,asymmetric,0.1,0.896734,0.002086,5
rf_results_intermediate.csv,UNKNOWN,RandomForest,asymmetric,0.2,0.836267,0.004628,5
rf_results_intermediate.csv,UNKNOWN,RandomForest,asymmetric,0.3,0.726857,0.00471,5
rf_results_intermediate.csv,UNKNOWN,RandomForest,asymmetric,0.4,0.588117,0.004139,5
rf_results_intermediate.csv,UNKNOWN,RandomForest,symmetric,0.0,0.910722,0.002709,5
rf_results_intermediate.csv,UNKNOWN,RandomForest,symmetric,0.1,0.898765,0.003965,5
rf_results_intermediate.csv,UNKNOWN,RandomForest,symmetric,0.2,0.860002,0.003372,5
rf_results_intermediate.csv,UNKNOWN,RandomForest,symmetric,0.3,0.793958,0.003271,5
rf_results_intermediate.csv,UNKNOWN,RandomForest,symmetric,0.4,0.706828,0.003194,5
rf_test_results.csv,UNKNOWN,RandomForest,,,0.914327,,1
stacking_asymmetric_results_full.csv,UNKNOWN,Stacking_Image,asymmetric,0.0,0.935236,0.004757,5
stacking_asymmetric_results_full.csv,UNKNOWN,Stacking_Image,asymmetric,0.1,0.927424,0.005643,5
stacking_asymmetric_results_full.csv,UNKNOWN,Stacking_Image,asymmetric,0.2,0.900834,0.00925,5
stacking_asymmetric_results_full.csv,UNKNOWN,Stacking_Image,asymmetric,0.3,0.859493,0.00618,5
stacking_asymmetric_results_full.csv,UNKNOWN,Stacking_Image,asymmetric,0.4,0.77659,0.012038,5
stacking_asymmetric_results_intermediate.csv,UNKNOWN,Stacking_Image,asymmetric,0.0,0.935236,0.004757,5
stacking_asymmetric_results_intermediate.csv,UNKNOWN,Stacking_Image,asymmetric,0.1,0.927424,0.005643,5
stacking_asymmetric_results_intermediate.csv,UNKNOWN,Stacking_Image,asymmetric,0.2,0.900834,0.00925,5
stacking_asymmetric_results_intermediate.csv,UNKNOWN,Stacking_Image,asymmetric,0.3,0.859493,0.00618,5
stacking_asymmetric_results_intermediate.csv,UNKNOWN,Stacking_Image,asymmetric,0.4,0.77659,0.012038,5
stacking_results_full.csv,UNKNOWN,Stacking,asymmetric,0.0,0.889453,0.005669,5
stacking_results_full.csv,UNKNOWN,Stacking,asymmetric,0.1,0.858395,0.005139,5
stacking_results_full.csv,UNKNOWN,Stacking,asymmetric,0.2,0.823564,0.00342,5
stacking_results_full.csv,UNKNOWN,Stacking,asymmetric,0.3,0.778708,0.009511,5
stacking_results_full.csv,UNKNOWN,Stacking,asymmetric,0.4,0.683063,0.011647,5
stacking_results_full.csv,UNKNOWN,Stacking,symmetric,0.0,0.889453,0.005669,5
stacking_results_full.csv,UNKNOWN,Stacking,symmetric,0.1,0.855999,0.004343,5
stacking_results_full.csv,UNKNOWN,Stacking,symmetric,0.2,0.828475,0.004944,5
stacking_results_full.csv,UNKNOWN,Stacking,symmetric,0.3,0.780428,0.008447,5
stacking_results_full.csv,UNKNOWN,Stacking,symmetric,0.4,0.677576,0.01325,5
stacking_results_intermediate.csv,UNKNOWN,Stacking,asymmetric,0.0,0.889453,0.005669,5
stacking_results_intermediate.csv,UNKNOWN,Stacking,asymmetric,0.1,0.858395,0.005139,5
stacking_results_intermediate.csv,UNKNOWN,Stacking,asymmetric,0.2,0.823564,0.00342,5
stacking_results_intermediate.csv,UNKNOWN,Stacking,asymmetric,0.3,0.778708,0.009511,5
stacking_results_intermediate.csv,UNKNOWN,Stacking,asymmetric,0.4,0.683063,0.011647,5
stacking_results_intermediate.csv,UNKNOWN,Stacking,symmetric,0.0,0.889453,0.005669,5
stacking_results_intermediate.csv,UNKNOWN,Stacking,symmetric,0.1,0.855999,0.004343,5
stacking_results_intermediate.csv,UNKNOWN,Stacking,symmetric,0.2,0.828475,0.004944,5
stacking_results_intermediate.csv,UNKNOWN,Stacking,symmetric,0.3,0.780428,0.008447,5
stacking_results_intermediate.csv,UNKNOWN,Stacking,symmetric,0.4,0.677576,0.01325,5
stacking_symmetric_results_full.csv,UNKNOWN,Stacking_Image,symmetric,0.0,0.935236,0.004757,5
stacking_symmetric_results_full.csv,UNKNOWN,Stacking_Image,symmetric,0.1,0.936156,0.007146,5
stacking_symmetric_results_full.csv,UNKNOWN,Stacking_Image,symmetric,0.2,0.928842,0.004934,5
stacking_symmetric_results_full.csv,UNKNOWN,Stacking_Image,symmetric,0.3,0.921547,0.005857,5
stacking_symmetric_results_full.csv,UNKNOWN,Stacking_Image,symmetric,0.4,0.9141,0.00245,5
stacking_symmetric_results_intermediate.csv,UNKNOWN,Stacking_Image,symmetric,0.0,0.935236,0.004757,5
stacking_symmetric_results_intermediate.csv,UNKNOWN,Stacking_Image,symmetric,0.1,0.936156,0.007146,5
stacking_symmetric_results_intermediate.csv,UNKNOWN,Stacking_Image,symmetric,0.2,0.928842,0.004934,5
stacking_symmetric_results_intermediate.csv,UNKNOWN,Stacking_Image,symmetric,0.3,0.921547,0.005857,5
stacking_symmetric_results_intermediate.csv,UNKNOWN,Stacking_Image,symmetric,0.4,0.9141,0.00245,5
stacking_test_results.csv,UNKNOWN,Stacking,,,0.894726,,1
voting_image_results_full.csv,Image,Voting_Image,asymmetric,0.0,0.933391,0.005507,5
voting_image_results_full.csv,Image,Voting_Image,asymmetric,0.1,0.929178,0.005657,5
voting_image_results_full.csv,Image,Voting_Image,asymmetric,0.2,0.91877,0.010107,5
voting_image_results_full.csv,Image,Voting_Image,asymmetric,0.3,0.886737,0.006233,5
voting_image_results_full.csv,Image,Voting_Image,asymmetric,0.4,0.76895,0.018748,5
voting_image_results_full.csv,Image,Voting_Image,symmetric,0.0,0.933391,0.005507,5
voting_image_results_full.csv,Image,Voting_Image,symmetric,0.1,0.932839,0.005471,5
voting_image_results_full.csv,Image,Voting_Image,symmetric,0.2,0.928495,0.005815,5
voting_image_results_full.csv,Image,Voting_Image,symmetric,0.3,0.925164,0.005992,5
voting_image_results_full.csv,Image,Voting_Image,symmetric,0.4,0.919157,0.005859,5
voting_image_results_intermediate.csv,Image,Voting_Image,asymmetric,0.0,0.933391,0.005507,5
voting_image_results_intermediate.csv,Image,Voting_Image,asymmetric,0.1,0.929178,0.005657,5
voting_image_results_intermediate.csv,Image,Voting_Image,asymmetric,0.2,0.91877,0.010107,5
voting_image_results_intermediate.csv,Image,Voting_Image,asymmetric,0.3,0.886737,0.006233,5
voting_image_results_intermediate.csv,Image,Voting_Image,asymmetric,0.4,0.76895,0.018748,5
voting_image_results_intermediate.csv,Image,Voting_Image,symmetric,0.0,0.933391,0.005507,5
voting_image_results_intermediate.csv,Image,Voting_Image,symmetric,0.1,0.932839,0.005471,5
voting_image_results_intermediate.csv,Image,Voting_Image,symmetric,0.2,0.928495,0.005815,5
voting_image_results_intermediate.csv,Image,Voting_Image,symmetric,0.3,0.925164,0.005992,5
voting_image_results_intermediate.csv,Image,Voting_Image,symmetric,0.4,0.919157,0.005859,5
voting_image_test_results.csv,Image,Voting_Image,,,0.936554,,1
voting_results_full.csv,UNKNOWN,Voting,asymmetric,0.0,0.932996,0.002947,5
voting_results_full.csv,UNKNOWN,Voting,asymmetric,0.1,0.909361,0.002503,5
voting_results_full.csv,UNKNOWN,Voting,asymmetric,0.2,0.849131,0.004692,5
voting_results_full.csv,UNKNOWN,Voting,asymmetric,0.3,0.742671,0.003827,5
voting_results_full.csv,UNKNOWN,Voting,asymmetric,0.4,0.60435,0.003634,5
voting_results_full.csv,UNKNOWN,Voting,symmetric,0.0,0.932996,0.002947,5
voting_results_full.csv,UNKNOWN,Voting,symmetric,0.1,0.909306,0.004039,5
voting_results_full.csv,UNKNOWN,Voting,symmetric,0.2,0.879139,0.004073,5
voting_results_full.csv,UNKNOWN,Voting,symmetric,0.3,0.830947,0.004635,5
voting_results_full.csv,UNKNOWN,Voting,symmetric,0.4,0.76098,0.002827,5
voting_results_intermediate.csv,UNKNOWN,Voting,asymmetric,0.0,0.932996,0.002947,5
voting_results_intermediate.csv,UNKNOWN,Voting,asymmetric,0.1,0.909361,0.002503,5
voting_results_intermediate.csv,UNKNOWN,Voting,asymmetric,0.2,0.849131,0.004692,5
voting_results_intermediate.csv,UNKNOWN,Voting,asymmetric,0.3,0.742671,0.003827,5
voting_results_intermediate.csv,UNKNOWN,Voting,asymmetric,0.4,0.60435,0.003634,5
voting_results_intermediate.csv,UNKNOWN,Voting,symmetric,0.0,0.932996,0.002947,5
voting_results_intermediate.csv,UNKNOWN,Voting,symmetric,0.1,0.909306,0.004039,5
voting_results_intermediate.csv,UNKNOWN,Voting,symmetric,0.2,0.879139,0.004073,5
voting_results_intermediate.csv,UNKNOWN,Voting,symmetric,0.3,0.830947,0.004635,5
voting_results_intermediate.csv,UNKNOWN,Voting,symmetric,0.4,0.76098,0.002827,5
voting_test_results.csv,UNKNOWN,Voting,,,0.937908,,1
xgb_image_results_full.csv,Image,XGBoost_Image,asymmetric,0.0,0.934855,0.004525,5
xgb_image_results_full.csv,Image,XGBoost_Image,asymmetric,0.1,0.930221,0.005736,5
xgb_image_results_full.csv,Image,XGBoost_Image,asymmetric,0.2,0.914348,0.009973,5
xgb_image_results_full.csv,Image,XGBoost_Image,asymmetric,0.3,0.865632,0.009558,5
xgb_image_results_full.csv,Image,XGBoost_Image,asymmetric,0.4,0.720456,0.016893,5
xgb_image_results_full.csv,Image,XGBoost_Image,symmetric,0.0,0.934855,0.004525,5
xgb_image_results_full.csv,Image,XGBoost_Image,symmetric,0.1,0.933956,0.006018,5
xgb_image_results_full.csv,Image,XGBoost_Image,symmetric,0.2,0.927756,0.008184,5
xgb_image_results_full.csv,Image,XGBoost_Image,symmetric,0.3,0.92271,0.00484,5
xgb_image_results_full.csv,Image,XGBoost_Image,symmetric,0.4,0.9094,0.00568,5
xgb_image_results_intermediate.csv,Image,XGBoost_Image,asymmetric,0.0,0.934855,0.004525,5
xgb_image_results_intermediate.csv,Image,XGBoost_Image,asymmetric,0.1,0.930221,0.005736,5
xgb_image_results_intermediate.csv,Image,XGBoost_Image,asymmetric,0.2,0.914348,0.009973,5
xgb_image_results_intermediate.csv,Image,XGBoost_Image,asymmetric,0.3,0.865632,0.009558,5
xgb_image_results_intermediate.csv,Image,XGBoost_Image,asymmetric,0.4,0.720456,0.016893,5
xgb_image_results_intermediate.csv,Image,XGBoost_Image,symmetric,0.0,0.934855,0.004525,5
xgb_image_results_intermediate.csv,Image,XGBoost_Image,symmetric,0.1,0.933956,0.006018,5
xgb_image_results_intermediate.csv,Image,XGBoost_Image,symmetric,0.2,0.927756,0.008184,5
xgb_image_results_intermediate.csv,Image,XGBoost_Image,symmetric,0.3,0.92271,0.00484,5
xgb_image_results_intermediate.csv,Image,XGBoost_Image,symmetric,0.4,0.9094,0.00568,5
xgb_image_test_results.csv,Image,XGBoost_Image,,,0.939147,,1
xgb_results_full.csv,UNKNOWN,XGBoost,asymmetric,0.0,0.936235,0.001573,5
xgb_results_full.csv,UNKNOWN,XGBoost,asymmetric,0.1,0.906548,0.00324,5
xgb_results_full.csv,UNKNOWN,XGBoost,asymmetric,0.2,0.85106,0.004286,5
xgb_results_full.csv,UNKNOWN,XGBoost,asymmetric,0.3,0.751113,0.003691,5
xgb_results_full.csv,UNKNOWN,XGBoost,asymmetric,0.4,0.607692,0.005298,5
xgb_results_full.csv,UNKNOWN,XGBoost,symmetric,0.0,0.936235,0.001573,5
xgb_results_full.csv,UNKNOWN,XGBoost,symmetric,0.1,0.910638,0.00338,5
xgb_results_full.csv,UNKNOWN,XGBoost,symmetric,0.2,0.888716,0.0048,5
xgb_results_full.csv,UNKNOWN,XGBoost,symmetric,0.3,0.857507,0.006481,5
xgb_results_full.csv,UNKNOWN,XGBoost,symmetric,0.4,0.807081,0.002947,5
xgb_results_intermediate.csv,UNKNOWN,XGBoost,asymmetric,0.0,0.936235,0.001573,5
xgb_results_intermediate.csv,UNKNOWN,XGBoost,asymmetric,0.1,0.906548,0.00324,5
xgb_results_intermediate.csv,UNKNOWN,XGBoost,asymmetric,0.2,0.85106,0.004286,5
xgb_results_intermediate.csv,UNKNOWN,XGBoost,asymmetric,0.3,0.751113,0.003691,5
xgb_results_intermediate.csv,UNKNOWN,XGBoost,asymmetric,0.4,0.607692,0.005298,5
xgb_results_intermediate.csv,UNKNOWN,XGBoost,symmetric,0.0,0.936235,0.001573,5
xgb_results_intermediate.csv,UNKNOWN,XGBoost,symmetric,0.1,0.910638,0.00338,5
xgb_results_intermediate.csv,UNKNOWN,XGBoost,symmetric,0.2,0.888716,0.0048,5
xgb_results_intermediate.csv,UNKNOWN,XGBoost,symmetric,0.3,0.857507,0.006481,5
xgb_results_intermediate.csv,UNKNOWN,XGBoost,symmetric,0.4,0.807081,0.002947,5
xgb_test_results.csv,UNKNOWN,XGBoost,,,0.941853,,1
