domain,arm,noise_type,noise_level,fold,actual_noise_pct,runtime_seconds,f1_macro,accuracy
Tabular,PlainStack,symmetric,0.0,0,0.0,196.72276091575623,0.8898172224019693,0.92495
Tabular,AllFour,symmetric,0.0,0,0.0,196.72286915779114,0.8883423380250026,0.92505
Tabular,Confidence,symmetric,0.0,0,0.0,196.7229642868042,0.8893129355027879,0.9252
Tabular,Disagreement,symmetric,0.0,0,0.0,196.72305703163147,0.8862733694444543,0.9244
Tabular,PlainStack,symmetric,0.0,1,0.0,194.39915466308594,0.8824047016245359,0.9281
Tabular,AllFour,symmetric,0.0,1,0.0,194.399263381958,0.8876349461285092,0.9291
Tabular,Confidence,symmetric,0.0,1,0.0,194.3993649482727,0.886507799015306,0.9289
Tabular,Disagreement,symmetric,0.0,1,0.0,194.3994653224945,0.8855436499729369,0.9283
Tabular,PlainStack,symmetric,0.0,2,0.0,193.83090496063232,0.8825993231930359,0.9265
Tabular,AllFour,symmetric,0.0,2,0.0,193.8310534954071,0.8838866531312204,0.92705
Tabular,Confidence,symmetric,0.0,2,0.0,193.83119082450867,0.8831892768895571,0.92685
Tabular,Disagreement,symmetric,0.0,2,0.0,193.83129501342773,0.8815639166046209,0.92575
Tabular,PlainStack,symmetric,0.0,3,0.0,191.56703877449036,0.8906004723667712,0.9269
Tabular,AllFour,symmetric,0.0,3,0.0,191.56714606285095,0.8947153741878998,0.9281
Tabular,Confidence,symmetric,0.0,3,0.0,191.56723403930664,0.8949154892177064,0.9284
Tabular,Disagreement,symmetric,0.0,3,0.0,191.56731867790222,0.8905777578381909,0.92715
Tabular,PlainStack,symmetric,0.0,4,0.0,191.58087825775146,0.901281964306798,0.9312
Tabular,AllFour,symmetric,0.0,4,0.0,191.58094239234924,0.8984147838726199,0.9308
Tabular,Confidence,symmetric,0.0,4,0.0,191.5809977054596,0.8981799545497834,0.931
Tabular,Disagreement,symmetric,0.0,4,0.0,191.58105206489563,0.8989953595649289,0.931
Tabular,PlainStack,symmetric,0.1,0,10.13875,229.74584650993347,0.8606493542841672,0.9101
Tabular,AllFour,symmetric,0.1,0,10.13875,229.74594926834106,0.8581789400818287,0.9099
Tabular,Confidence,symmetric,0.1,0,10.13875,229.7460424900055,0.8581267182621879,0.90985
Tabular,Disagreement,symmetric,0.1,0,10.13875,229.74614357948303,0.859366716762595,0.90985
Tabular,PlainStack,symmetric,0.1,1,9.936250000000001,234.2622673511505,0.8574567832106983,0.91495
Tabular,AllFour,symmetric,0.1,1,9.936250000000001,234.26239204406738,0.8533499605784017,0.9138
Tabular,Confidence,symmetric,0.1,1,9.936250000000001,234.26250433921814,0.8538770382159916,0.9139
Tabular,Disagreement,symmetric,0.1,1,9.936250000000001,234.26261472702026,0.8560677505556777,0.9147
Tabular,PlainStack,symmetric,0.1,2,10.19375,233.6278474330902,0.857123889062998,0.91025
Tabular,AllFour,symmetric,0.1,2,10.19375,233.6279399394989,0.8554555312443365,0.9106
Tabular,Confidence,symmetric,0.1,2,10.19375,233.6280279159546,0.8549250021823089,0.9105
Tabular,Disagreement,symmetric,0.1,2,10.19375,233.62811541557312,0.8543442350309883,0.9103
Tabular,PlainStack,symmetric,0.1,3,10.08375,229.0777473449707,0.859892479664465,0.9131
Tabular,AllFour,symmetric,0.1,3,10.08375,229.07784843444824,0.8580951796484924,0.91245
Tabular,Confidence,symmetric,0.1,3,10.08375,229.07794618606567,0.8601697171078051,0.913
Tabular,Disagreement,symmetric,0.1,3,10.08375,229.0780487060547,0.8597504021270101,0.9129
Tabular,PlainStack,symmetric,0.1,4,10.10875,228.99441123008728,0.8590908924919959,0.9137
Tabular,AllFour,symmetric,0.1,4,10.10875,228.9945387840271,0.8559640742430601,0.91305
Tabular,Confidence,symmetric,0.1,4,10.10875,228.99464535713196,0.8553995508727051,0.91285
Tabular,Disagreement,symmetric,0.1,4,10.10875,228.9947485923767,0.8563991625846159,0.913
Tabular,PlainStack,symmetric,0.2,0,19.885,248.2343852519989,0.8244767618084531,0.89765
Tabular,AllFour,symmetric,0.2,0,19.885,248.2344934940338,0.8199468433352394,0.8972
Tabular,Confidence,symmetric,0.2,0,19.885,248.23458170890808,0.8216054232384724,0.897
Tabular,Disagreement,symmetric,0.2,0,19.885,248.23466897010803,0.8221581428942316,0.89725
Tabular,PlainStack,symmetric,0.2,1,20.07125,245.64371871948242,0.8255969937800065,0.8987
Tabular,AllFour,symmetric,0.2,1,20.07125,245.6438112258911,0.8269436433626248,0.89855
Tabular,Confidence,symmetric,0.2,1,20.07125,245.6438992023468,0.8268052124895328,0.89835
Tabular,Disagreement,symmetric,0.2,1,20.07125,245.6439871788025,0.825552582087246,0.89855
Tabular,PlainStack,symmetric,0.2,2,19.92625,255.1083161830902,0.8218467182787259,0.8983
Tabular,AllFour,symmetric,0.2,2,19.92625,255.10845112800598,0.8205896240061347,0.89755
Tabular,Confidence,symmetric,0.2,2,19.92625,255.10855793952942,0.8220228360957427,0.89775
Tabular,Disagreement,symmetric,0.2,2,19.92625,255.1086621284485,0.8239937651395923,0.89775
Tabular,PlainStack,symmetric,0.2,3,20.09,246.80991220474243,0.8278038616502326,0.898
Tabular,AllFour,symmetric,0.2,3,20.09,246.8100142478943,0.8271075205366404,0.8977
Tabular,Confidence,symmetric,0.2,3,20.09,246.8101110458374,0.8270703634720673,0.89755
Tabular,Disagreement,symmetric,0.2,3,20.09,246.81020736694336,0.8328552066851848,0.8989
Tabular,PlainStack,symmetric,0.2,4,20.01875,247.99567556381226,0.8281646303418115,0.89825
Tabular,AllFour,symmetric,0.2,4,20.01875,247.99579858779907,0.8243983132286669,0.8973
Tabular,Confidence,symmetric,0.2,4,20.01875,247.99593567848206,0.8258983931955932,0.8979
Tabular,Disagreement,symmetric,0.2,4,20.01875,247.9960343837738,0.8288721412590686,0.89875
Tabular,PlainStack,symmetric,0.3,0,29.898750000000003,250.36663579940796,0.7893786297213706,0.88095
Tabular,AllFour,symmetric,0.3,0,29.898750000000003,250.36673641204834,0.7870364295089427,0.88125
Tabular,Confidence,symmetric,0.3,0,29.898750000000003,250.36683225631714,0.7871899608200718,0.8809
Tabular,Disagreement,symmetric,0.3,0,29.898750000000003,250.36692690849304,0.7887491873639829,0.8808
Tabular,PlainStack,symmetric,0.3,1,30.056250000000002,263.08566904067993,0.7917278504865318,0.88405
Tabular,AllFour,symmetric,0.3,1,30.056250000000002,263.08579206466675,0.7890829667967049,0.88505
Tabular,Confidence,symmetric,0.3,1,30.056250000000002,263.0859053134918,0.7864928238832414,0.88465
Tabular,Disagreement,symmetric,0.3,1,30.056250000000002,263.0860240459442,0.7902370864710688,0.88405
Tabular,PlainStack,symmetric,0.3,2,30.03125,256.2944931983948,0.7912541726927685,0.88235
Tabular,AllFour,symmetric,0.3,2,30.03125,256.2946128845215,0.7852406393571446,0.8806
Tabular,Confidence,symmetric,0.3,2,30.03125,256.29472494125366,0.7860831492360304,0.8807
Tabular,Disagreement,symmetric,0.3,2,30.03125,256.29485511779785,0.7891996014924066,0.88045
Tabular,PlainStack,symmetric,0.3,3,29.983749999999997,263.96516394615173,0.7700538841657608,0.88075
Tabular,AllFour,symmetric,0.3,3,29.983749999999997,263.96526527404785,0.7683453563629187,0.87945
Tabular,Confidence,symmetric,0.3,3,29.983749999999997,263.96536231040955,0.7696484475956129,0.8797
Tabular,Disagreement,symmetric,0.3,3,29.983749999999997,263.96546745300293,0.7701951119769517,0.87965
Tabular,PlainStack,symmetric,0.3,4,30.051250000000003,248.236181974411,0.7875577067863715,0.8812
Tabular,AllFour,symmetric,0.3,4,30.051250000000003,248.2362916469574,0.783010617135439,0.8813
Tabular,Confidence,symmetric,0.3,4,30.051250000000003,248.23639464378357,0.7813433598588545,0.8814
Tabular,Disagreement,symmetric,0.3,4,30.051250000000003,248.23651671409607,0.7865129282100191,0.8807
Tabular,PlainStack,symmetric,0.4,0,40.082499999999996,257.8711712360382,0.6884938006613408,0.8604
Tabular,AllFour,symmetric,0.4,0,40.082499999999996,257.8712799549103,0.709143521339433,0.8605
Tabular,Confidence,symmetric,0.4,0,40.082499999999996,257.87138199806213,0.7104476252612012,0.86015
Tabular,Disagreement,symmetric,0.4,0,40.082499999999996,257.87148571014404,0.6977224004749873,0.8606
Tabular,PlainStack,symmetric,0.4,1,39.9325,262.6322252750397,0.6988718600153903,0.8623
Tabular,AllFour,symmetric,0.4,1,39.9325,262.6323482990265,0.7073071055968407,0.8611
Tabular,Confidence,symmetric,0.4,1,39.9325,262.63246059417725,0.710307652765006,0.8612
Tabular,Disagreement,symmetric,0.4,1,39.9325,262.6325640678406,0.7053650054065341,0.86005
Tabular,PlainStack,symmetric,0.4,2,40.21125,259.42237544059753,0.6821576612129159,0.8579
Tabular,AllFour,symmetric,0.4,2,40.21125,259.42247700691223,0.7254951030489585,0.8582
Tabular,Confidence,symmetric,0.4,2,40.21125,259.4225740432739,0.7245759518301326,0.8585
Tabular,Disagreement,symmetric,0.4,2,40.21125,259.42267060279846,0.7105060885462952,0.8575
Tabular,PlainStack,symmetric,0.4,3,40.08875,258.48012018203735,0.6974080903096489,0.8625
Tabular,AllFour,symmetric,0.4,3,40.08875,258.4802348613739,0.7185142207729512,0.8629
Tabular,Confidence,symmetric,0.4,3,40.08875,258.4803378582001,0.7212227381899525,0.86275
Tabular,Disagreement,symmetric,0.4,3,40.08875,258.4804401397705,0.7135133640870548,0.8619
Tabular,PlainStack,symmetric,0.4,4,39.975,259.0884053707123,0.6909726686269009,0.8588
Tabular,AllFour,symmetric,0.4,4,39.975,259.08857321739197,0.7244781185440099,0.8598
Tabular,Confidence,symmetric,0.4,4,39.975,259.0886957645416,0.7255648602044781,0.85995
Tabular,Disagreement,symmetric,0.4,4,39.975,259.08880162239075,0.7111881061227374,0.8588
Tabular,PlainStack,asymmetric,0.0,0,0.0,196.90055656433105,0.8898172224019693,0.92495
Tabular,AllFour,asymmetric,0.0,0,0.0,196.90062952041626,0.8883423380250026,0.92505
Tabular,Confidence,asymmetric,0.0,0,0.0,196.90069127082825,0.8893129355027879,0.9252
Tabular,Disagreement,asymmetric,0.0,0,0.0,196.90075159072876,0.8862733694444543,0.9244
Tabular,PlainStack,asymmetric,0.0,1,0.0,193.06808137893677,0.8824047016245359,0.9281
Tabular,AllFour,asymmetric,0.0,1,0.0,193.06818079948425,0.8876349461285092,0.9291
Tabular,Confidence,asymmetric,0.0,1,0.0,193.06826829910278,0.886507799015306,0.9289
Tabular,Disagreement,asymmetric,0.0,1,0.0,193.068354845047,0.8855436499729369,0.9283
Tabular,PlainStack,asymmetric,0.0,2,0.0,189.83360958099365,0.8825993231930359,0.9265
Tabular,AllFour,asymmetric,0.0,2,0.0,189.83371305465698,0.8833365489304794,0.92675
Tabular,Confidence,asymmetric,0.0,2,0.0,189.8338062763214,0.8831892768895571,0.92685
Tabular,Disagreement,asymmetric,0.0,2,0.0,189.8339114189148,0.8815639166046209,0.92575
Tabular,PlainStack,asymmetric,0.0,3,0.0,186.51303696632385,0.8906004723667712,0.9269
Tabular,AllFour,asymmetric,0.0,3,0.0,186.51314568519592,0.8937584253900257,0.9282
Tabular,Confidence,asymmetric,0.0,3,0.0,186.51325035095215,0.8949154892177064,0.9284
Tabular,Disagreement,asymmetric,0.0,3,0.0,186.51335382461548,0.8905777578381909,0.92715
Tabular,PlainStack,asymmetric,0.0,4,0.0,186.26358819007874,0.901281964306798,0.9312
Tabular,AllFour,asymmetric,0.0,4,0.0,186.26369619369507,0.8984147838726199,0.9308
Tabular,Confidence,asymmetric,0.0,4,0.0,186.26379084587097,0.8981799545497834,0.931
Tabular,Disagreement,asymmetric,0.0,4,0.0,186.26388430595398,0.8989953595649289,0.931
Tabular,PlainStack,asymmetric,0.1,0,10.13875,233.1525604724884,0.8608828209937949,0.90485
Tabular,AllFour,asymmetric,0.1,0,10.13875,233.15266251564026,0.8607672279790883,0.9082
Tabular,Confidence,asymmetric,0.1,0,10.13875,233.15275955200195,0.8623213397402016,0.9085
Tabular,Disagreement,asymmetric,0.1,0,10.13875,233.1528570652008,0.8606305361306739,0.9066
Tabular,PlainStack,asymmetric,0.1,1,9.936250000000001,219.97647738456726,0.850914735022868,0.9082
Tabular,AllFour,asymmetric,0.1,1,9.936250000000001,219.97658038139343,0.8585943631774994,0.913
Tabular,Confidence,asymmetric,0.1,1,9.936250000000001,219.9767050743103,0.8586995623199881,0.91315
Tabular,Disagreement,asymmetric,0.1,1,9.936250000000001,219.9768033027649,0.8525688775002122,0.91055
Tabular,PlainStack,asymmetric,0.1,2,10.19375,222.689058303833,0.8532539854418998,0.90325
Tabular,AllFour,asymmetric,0.1,2,10.19375,222.68917083740234,0.8540663215169372,0.90885
Tabular,Confidence,asymmetric,0.1,2,10.19375,222.68927454948425,0.8524928738823938,0.9087
Tabular,Disagreement,asymmetric,0.1,2,10.19375,222.68937706947327,0.8536666602809971,0.90645
Tabular,PlainStack,asymmetric,0.1,3,10.08375,223.23977088928223,0.8602417688014784,0.9057
Tabular,AllFour,asymmetric,0.1,3,10.08375,223.23994660377502,0.8607417332731517,0.9104
Tabular,Confidence,asymmetric,0.1,3,10.08375,223.24005937576294,0.8634610792477788,0.9113
Tabular,Disagreement,asymmetric,0.1,3,10.08375,223.2401692867279,0.8555629085040334,0.90825
Tabular,PlainStack,asymmetric,0.1,4,10.10875,224.08693075180054,0.8692888563765765,0.90835
Tabular,AllFour,asymmetric,0.1,4,10.10875,224.08703207969666,0.8635359986394457,0.91315
Tabular,Confidence,asymmetric,0.1,4,10.10875,224.08712911605835,0.870286658612586,0.913
Tabular,Disagreement,asymmetric,0.1,4,10.10875,224.08722567558289,0.8728542945206691,0.91115
Tabular,PlainStack,asymmetric,0.2,0,19.885,243.05673956871033,0.8209033176863849,0.8807
Tabular,AllFour,asymmetric,0.2,0,19.885,243.05683135986328,0.8177344458672934,0.8939
Tabular,Confidence,asymmetric,0.2,0,19.885,243.05691862106323,0.8178417100771959,0.8935
Tabular,Disagreement,asymmetric,0.2,0,19.885,243.05700516700745,0.8170869252559309,0.8872
Tabular,PlainStack,asymmetric,0.2,1,20.07125,246.1938178539276,0.828485137784285,0.88225
Tabular,AllFour,asymmetric,0.2,1,20.07125,246.19391894340515,0.8322964396518867,0.8971
Tabular,Confidence,asymmetric,0.2,1,20.07125,246.19401621818542,0.8374468537069768,0.89755
Tabular,Disagreement,asymmetric,0.2,1,20.07125,246.19411253929138,0.8322724341292727,0.8909
Tabular,PlainStack,asymmetric,0.2,2,19.92625,237.15237474441528,0.8251532746429392,0.879
Tabular,AllFour,asymmetric,0.2,2,19.92625,237.15248441696167,0.8317119696977986,0.89715
Tabular,Confidence,asymmetric,0.2,2,19.92625,237.15258765220642,0.8346190568230517,0.89775
Tabular,Disagreement,asymmetric,0.2,2,19.92625,237.15269875526428,0.8240705161530892,0.88885
Tabular,PlainStack,asymmetric,0.2,3,20.09,241.5876476764679,0.8186271384342874,0.8788
Tabular,AllFour,asymmetric,0.2,3,20.09,241.59083795547485,0.8213413008456827,0.89285
Tabular,Confidence,asymmetric,0.2,3,20.09,241.590961933136,0.8232515950037732,0.89345
Tabular,Disagreement,asymmetric,0.2,3,20.09,241.59105515480042,0.8201949189081926,0.8859
Tabular,PlainStack,asymmetric,0.2,4,20.01875,241.28760266304016,0.8259637077336015,0.88215
Tabular,AllFour,asymmetric,0.2,4,20.01875,241.28770422935486,0.8315585125409733,0.89645
Tabular,Confidence,asymmetric,0.2,4,20.01875,241.28780007362366,0.8291837920037738,0.89655
Tabular,Disagreement,asymmetric,0.2,4,20.01875,241.2879195213318,0.8256178194082092,0.88975
Tabular,PlainStack,asymmetric,0.3,0,29.898750000000003,245.18620562553406,0.7799714472957476,0.84445
Tabular,AllFour,asymmetric,0.3,0,29.898750000000003,245.1863341331482,0.7789417727526189,0.869
Tabular,Confidence,asymmetric,0.3,0,29.898750000000003,245.18644881248474,0.7741597064106632,0.868
Tabular,Disagreement,asymmetric,0.3,0,29.898750000000003,245.18655276298523,0.7787892145306372,0.8537
Tabular,PlainStack,asymmetric,0.3,1,30.056250000000002,248.07318353652954,0.7750912106261426,0.84895
Tabular,AllFour,asymmetric,0.3,1,30.056250000000002,248.07327508926392,0.7833947445000536,0.8757
Tabular,Confidence,asymmetric,0.3,1,30.056250000000002,248.07336235046387,0.7787272991211813,0.8742
Tabular,Disagreement,asymmetric,0.3,1,30.056250000000002,248.0734486579895,0.785140291869301,0.8582
Tabular,PlainStack,asymmetric,0.3,2,30.03125,252.18976759910583,0.7898465136015974,0.84615
Tabular,AllFour,asymmetric,0.3,2,30.03125,252.18986630439758,0.7889980136681167,0.87055
Tabular,Confidence,asymmetric,0.3,2,30.03125,252.18997883796692,0.786398855076295,0.87025
Tabular,Disagreement,asymmetric,0.3,2,30.03125,252.19007563591003,0.7862329408704395,0.85355
Tabular,PlainStack,asymmetric,0.3,3,29.983749999999997,251.57623934745789,0.7690646268475617,0.8436
Tabular,AllFour,asymmetric,0.3,3,29.983749999999997,251.57634377479553,0.7733945175501497,0.87075
Tabular,Confidence,asymmetric,0.3,3,29.983749999999997,251.57646250724792,0.7684891184693774,0.87075
Tabular,Disagreement,asymmetric,0.3,3,29.983749999999997,251.5765929222107,0.776703956023367,0.8552
Tabular,PlainStack,asymmetric,0.3,4,30.051250000000003,257.89969992637634,0.7837330109628953,0.8444
Tabular,AllFour,asymmetric,0.3,4,30.051250000000003,257.90011191368103,0.789682354685921,0.8717
Tabular,Confidence,asymmetric,0.3,4,30.051250000000003,257.90022253990173,0.7887125104089252,0.8703
Tabular,Disagreement,asymmetric,0.3,4,30.051250000000003,257.9003200531006,0.7816373418015671,0.8514
Tabular,PlainStack,asymmetric,0.4,0,40.082499999999996,263.1462061405182,0.6967048024231345,0.7903
Tabular,AllFour,asymmetric,0.4,0,40.082499999999996,263.14633107185364,0.7025850070819982,0.81945
Tabular,Confidence,asymmetric,0.4,0,40.082499999999996,263.1464469432831,0.7003808916375069,0.8192
Tabular,Disagreement,asymmetric,0.4,0,40.082499999999996,263.1465618610382,0.6970092497871849,0.79245
Tabular,PlainStack,asymmetric,0.4,1,39.9325,265.87870597839355,0.6701184174171617,0.79545
Tabular,AllFour,asymmetric,0.4,1,39.9325,265.8788254261017,0.679508710713761,0.8232
Tabular,Confidence,asymmetric,0.4,1,39.9325,265.8789427280426,0.6734261665125725,0.82105
Tabular,Disagreement,asymmetric,0.4,1,39.9325,265.87906551361084,0.6712860091985554,0.8018
Tabular,PlainStack,asymmetric,0.4,2,40.21125,261.8777153491974,0.6995347496615636,0.7945
Tabular,AllFour,asymmetric,0.4,2,40.21125,261.87783575057983,0.6988906351823445,0.8173
Tabular,Confidence,asymmetric,0.4,2,40.21125,261.8779487609863,0.6931779704313084,0.81605
Tabular,Disagreement,asymmetric,0.4,2,40.21125,261.8780608177185,0.6942112273419351,0.79525
Tabular,PlainStack,asymmetric,0.4,3,40.08875,261.67225456237793,0.6954176369717853,0.7939
Tabular,AllFour,asymmetric,0.4,3,40.08875,261.6723778247833,0.6949000510351414,0.8203
Tabular,Confidence,asymmetric,0.4,3,40.08875,261.6724956035614,0.690805801042673,0.8186
Tabular,Disagreement,asymmetric,0.4,3,40.08875,261.6726121902466,0.6945269373745685,0.7971
Tabular,PlainStack,asymmetric,0.4,4,39.975,255.89741897583008,0.6747379944902392,0.7913
Tabular,AllFour,asymmetric,0.4,4,39.975,255.8975372314453,0.680671427643994,0.818
Tabular,Confidence,asymmetric,0.4,4,39.975,255.89766669273376,0.6783750939782615,0.8176
Tabular,Disagreement,asymmetric,0.4,4,39.975,255.8977792263031,0.6750089958484249,0.7955
Tabular,PlainStack,pairflip,0.4,0,24.610000000000003,245.1654589176178,0.8123542870772197,0.88
Tabular,AllFour,pairflip,0.4,0,24.610000000000003,245.16561698913574,0.8162598274860953,0.88285
Tabular,Confidence,pairflip,0.4,0,24.610000000000003,245.16573429107666,0.8152343074997869,0.88185
Tabular,Disagreement,pairflip,0.4,0,24.610000000000003,245.16886734962463,0.8149199180387761,0.8815
Tabular,PlainStack,pairflip,0.4,1,24.456249999999997,245.72542476654053,0.7968509776088514,0.87985
Tabular,AllFour,pairflip,0.4,1,24.456249999999997,245.7255518436432,0.8011172272064657,0.88105
Tabular,Confidence,pairflip,0.4,1,24.456249999999997,245.72566962242126,0.7986626446906088,0.8806
Tabular,Disagreement,pairflip,0.4,1,24.456249999999997,245.72578644752502,0.7998065490168768,0.88005
Tabular,PlainStack,pairflip,0.4,2,24.77,246.35915637016296,0.8105389161152179,0.88255
Tabular,AllFour,pairflip,0.4,2,24.77,246.3592779636383,0.8167434856968729,0.88445
Tabular,Confidence,pairflip,0.4,2,24.77,246.35939121246338,0.8161304676253387,0.8839
Tabular,Disagreement,pairflip,0.4,2,24.77,246.35950303077698,0.8116377840446223,0.88235
Tabular,PlainStack,pairflip,0.4,3,24.54,242.72646141052246,0.8172560690191505,0.88385
Tabular,AllFour,pairflip,0.4,3,24.54,242.72658133506775,0.825285451361754,0.88655
Tabular,Confidence,pairflip,0.4,3,24.54,242.7266924381256,0.8228336721252943,0.88605
Tabular,Disagreement,pairflip,0.4,3,24.54,242.72681212425232,0.8212578149427767,0.8853
Tabular,PlainStack,pairflip,0.4,4,24.52875,238.6764395236969,0.8268975594572712,0.89065
Tabular,AllFour,pairflip,0.4,4,24.52875,238.67656707763672,0.8343440430814943,0.89245
Tabular,Confidence,pairflip,0.4,4,24.52875,238.67668437957764,0.837656720968857,0.89285
Tabular,Disagreement,pairflip,0.4,4,24.52875,238.67681050300598,0.8308845888822399,0.89135
