model,noise_type,noise_level,fold,train_size,actual_noise_pct,runtime_seconds,accuracy,f1_macro,f1_weighted,f1_class_0,f1_class_1,f1_class_2,f1_class_3,f1_class_4,f1_class_5,f1_class_6
RF_100k,symmetric,0.0,0,80000,0.0,21.654500484466553,0.9013,0.8452537395730595,0.900609981656337,0.8982220355592888,0.9173591176914941,0.8843430369787569,0.7978723404255319,0.7111111111111111,0.7929292929292929,0.9149392423159399
RF_100k,symmetric,0.0,1,80000,0.0,21.633676290512085,0.901,0.8509447668577529,0.900351771501843,0.8980160111381831,0.9168180900464366,0.8956043956043956,0.8449197860962567,0.7224199288256228,0.7917383820998278,0.8870967741935484
RF_100k,symmetric,0.0,2,80000,0.0,22.382859706878662,0.901,0.8484052926420247,0.9003624465200449,0.8952234206471494,0.9163394744790093,0.8953488372093024,0.7727272727272727,0.7379679144385026,0.8167808219178082,0.9044493070751276
RF_100k,symmetric,0.0,3,80000,0.0,21.94557023048401,0.90235,0.8569060621514389,0.9017591103736098,0.8991172761664565,0.917937106918239,0.8878540939076446,0.8571428571428571,0.7425569176882661,0.7878260869565218,0.9059080962800875
RF_100k,symmetric,0.0,4,80000,0.0,21.840755939483643,0.90455,0.8598930829548894,0.9038172189081479,0.9006455234353073,0.9179209311659643,0.9001184366363996,0.8556149732620321,0.7088607594936709,0.8206896551724138,0.9154013015184381
RF_100k,symmetric,0.1,0,80000,10.13875,23.859471082687378,0.8912,0.8399252944945141,0.8907989738966937,0.885800097785849,0.9079661274783226,0.8818713450292398,0.7978723404255319,0.7152777777777778,0.7950617283950617,0.8956276445698167
RF_100k,symmetric,0.1,1,80000,9.936250000000001,24.317896842956543,0.89265,0.8335886601538657,0.8922104888338501,0.8882677660540843,0.9104062326099054,0.8877590926867422,0.7643979057591623,0.7272727272727273,0.7747899159663866,0.8822269807280514
RF_100k,symmetric,0.1,2,80000,10.19375,23.84418487548828,0.8892,0.8313919045634798,0.8887073513886425,0.8829697986577181,0.9055361393911766,0.886415963161934,0.7403314917127072,0.7054794520547946,0.7986520640269588,0.9003584229390681
RF_100k,symmetric,0.1,3,80000,10.08375,24.22067928314209,0.89045,0.8328944758846443,0.8900626593414871,0.8863092725481919,0.9080546729207646,0.8777648428405123,0.7614213197969543,0.7350993377483444,0.7651579846285226,0.8964539007092198
RF_100k,symmetric,0.1,4,80000,10.10875,23.596691131591797,0.8917,0.8385192873699321,0.891183254235184,0.8869540794832187,0.9077892614066045,0.8800312622118015,0.7939698492462312,0.6974358974358974,0.7901023890784983,0.9133522727272727
RF_100k,symmetric,0.2,0,80000,19.885,24.982686042785645,0.8764,0.7916574242204801,0.876547006616523,0.8742792856138377,0.8988328831354161,0.8590038314176245,0.6425339366515838,0.6537842190016103,0.7429492344883158,0.8702185792349727
RF_100k,symmetric,0.2,1,80000,20.07125,24.97484302520752,0.87785,0.7946633536250324,0.8780463779973617,0.8771758126529186,0.8990760120475777,0.8675164156044805,0.6528925619834711,0.6634615384615384,0.7485572959604286,0.8539638386648123
RF_100k,symmetric,0.2,2,80000,19.92625,25.17179226875305,0.87415,0.7878989610314591,0.8743265683828993,0.8703820539782685,0.8945487954267047,0.8742378048780488,0.584070796460177,0.6612903225806451,0.7639553429027113,0.8668076109936576
RF_100k,symmetric,0.2,3,80000,20.09,25.359784364700317,0.8776,0.796208696827567,0.8778031755520206,0.8762025138684081,0.8989153129296735,0.8640552995391705,0.6425339366515838,0.6927899686520376,0.7296416938110749,0.8693221523410203
RF_100k,symmetric,0.2,4,80000,20.01875,25.16015124320984,0.8781,0.7986903785803484,0.8782021915826049,0.8765336885648181,0.8968185288877577,0.8723321691889794,0.646551724137931,0.6559485530546624,0.759349593495935,0.883298392732355
RF_100k,symmetric,0.3,0,80000,29.898750000000003,26.520604848861694,0.8545,0.7333746097684856,0.8568906187293167,0.8568392717999574,0.8854236588010533,0.831758034026465,0.45394736842105265,0.5859154929577465,0.7037593984962406,0.8159790438768828
RF_100k,symmetric,0.3,1,80000,30.056250000000002,26.329060554504395,0.8562,0.7379787785412182,0.8584911224846955,0.8601653355751716,0.8838053740014524,0.8529076396807298,0.46105919003115264,0.5974754558204769,0.7072784810126582,0.8031599736668861
RF_100k,symmetric,0.3,2,80000,30.03125,25.7054283618927,0.8535,0.7296645919277959,0.8556658000671974,0.8565997888067581,0.8813033359193173,0.8516996638027643,0.41721854304635764,0.5830985915492958,0.7145085803432137,0.8032236400268636
RF_100k,symmetric,0.3,3,80000,29.983749999999997,26.54850721359253,0.8548,0.721052402149852,0.8573361608909706,0.8624672287961453,0.8851632810491129,0.8302028549962435,0.41009463722397477,0.5682451253481894,0.6792452830188679,0.811948404616429
RF_100k,symmetric,0.3,4,80000,30.051250000000003,26.126051902770996,0.85465,0.7235481714883135,0.8572542507964427,0.8595111583421892,0.8851260936695832,0.8419062027231468,0.4430769230769231,0.5137362637362637,0.6853146853146853,0.8361658735554045
RF_100k,symmetric,0.4,0,80000,40.082499999999996,26.30375337600708,0.8134,0.644497044545132,0.8223498611329902,0.8302458011965689,0.8602105040461205,0.7834532374100719,0.27061310782241016,0.4457274826789838,0.5957152729785764,0.7255139056831923
RF_100k,symmetric,0.4,1,80000,39.9325,26.944344520568848,0.8175,0.651346331509208,0.8259228129634274,0.835280706754061,0.862129330009018,0.7994143484626647,0.3093220338983051,0.44364508393285373,0.5807770961145194,0.7288557213930348
RF_100k,symmetric,0.4,2,80000,40.21125,26.545796632766724,0.8129,0.646945915567861,0.8219060288019046,0.8320298486044342,0.8550103223757345,0.8,0.24849699398797595,0.46735395189003437,0.5910364145658263,0.7346938775510204
RF_100k,symmetric,0.4,3,80000,40.08875,26.825380325317383,0.81945,0.6525907767970808,0.8288494206401665,0.8433630866685863,0.8621199324324325,0.7852983988355168,0.27715355805243447,0.4735632183908046,0.5935943060498221,0.7330429371499689
RF_100k,symmetric,0.4,4,80000,39.975,26.893922328948975,0.81795,0.6501230939588127,0.8262054646408793,0.8370956146657081,0.8622306517043359,0.7850940665701881,0.31072210065645517,0.41244239631336405,0.6191819464033851,0.7240948813982522
RF_100k,asymmetric,0.0,0,80000,0.0,21.424760103225708,0.9013,0.8452537395730595,0.900609981656337,0.8982220355592888,0.9173591176914941,0.8843430369787569,0.7978723404255319,0.7111111111111111,0.7929292929292929,0.9149392423159399
RF_100k,asymmetric,0.0,1,80000,0.0,21.737492084503174,0.901,0.8509447668577529,0.900351771501843,0.8980160111381831,0.9168180900464366,0.8956043956043956,0.8449197860962567,0.7224199288256228,0.7917383820998278,0.8870967741935484
RF_100k,asymmetric,0.0,2,80000,0.0,21.417264223098755,0.901,0.8484052926420247,0.9003624465200449,0.8952234206471494,0.9163394744790093,0.8953488372093024,0.7727272727272727,0.7379679144385026,0.8167808219178082,0.9044493070751276
RF_100k,asymmetric,0.0,3,80000,0.0,21.317121028900146,0.90235,0.8569060621514389,0.9017591103736098,0.8991172761664565,0.917937106918239,0.8878540939076446,0.8571428571428571,0.7425569176882661,0.7878260869565218,0.9059080962800875
RF_100k,asymmetric,0.0,4,80000,0.0,21.52861499786377,0.90455,0.8598930829548894,0.9038172189081479,0.9006455234353073,0.9179209311659643,0.9001184366363996,0.8556149732620321,0.7088607594936709,0.8206896551724138,0.9154013015184381
RF_100k,asymmetric,0.1,0,80000,10.13875,22.872663021087646,0.88945,0.8303340270574286,0.8890030566504087,0.8862667045777651,0.9078624693458786,0.8521939953810623,0.7605633802816901,0.7090909090909091,0.7973856209150327,0.8989751098096632
RF_100k,asymmetric,0.1,1,80000,9.936250000000001,22.628793478012085,0.89215,0.8316079963627706,0.891606000310955,0.8897220060833274,0.9110855081901518,0.8673862760215882,0.78,0.7205623901581723,0.7777777777777778,0.8747220163083765
RF_100k,asymmetric,0.1,2,80000,10.19375,22.763299226760864,0.88815,0.8343496101794436,0.8876594749445527,0.8821481849825957,0.9060607577198339,0.8652751423149905,0.7628865979381443,0.7294938917975567,0.8070175438596491,0.8875651526433358
RF_100k,asymmetric,0.1,3,80000,10.08375,22.811394691467285,0.89095,0.8344566529016083,0.8904897750954093,0.887683744826602,0.9090183957325889,0.8579088471849866,0.7669902912621359,0.7379310344827587,0.7839453458582408,0.8977189109639441
RF_100k,asymmetric,0.1,4,80000,10.10875,23.210415363311768,0.894,0.8380924240008474,0.8933987818322008,0.8901255707762558,0.9102851171816689,0.8679984332158245,0.776255707762557,0.693950177935943,0.8168067226890756,0.9112252384446075
RF_100k,asymmetric,0.2,0,80000,19.885,23.425270557403564,0.86285,0.7776634028646018,0.8634446178281736,0.8660922897196262,0.8871471799196389,0.7618002195389681,0.5882352941176471,0.6861313868613139,0.7725806451612903,0.8816568047337278
RF_100k,asymmetric,0.2,1,80000,20.07125,23.62711811065674,0.8662,0.7852243874226897,0.8667054037379128,0.8699316959744223,0.8905341614906832,0.7763253449527959,0.63003663003663,0.7125220458553791,0.7736625514403292,0.843558282208589
RF_100k,asymmetric,0.2,2,80000,19.92625,23.585440158843994,0.8619,0.7688675706301863,0.8627530808912494,0.8645142482326361,0.8874093212759614,0.7607449856733525,0.5093632958801498,0.7071428571428572,0.7901234567901234,0.8627748294162244
RF_100k,asymmetric,0.2,3,80000,20.09,23.427400588989258,0.86235,0.7780220023803306,0.8632831168662568,0.8660486166873494,0.8868130776110504,0.7576083064804869,0.5597014925373134,0.7275862068965517,0.7820299500831946,0.8663663663663663
RF_100k,asymmetric,0.2,4,80000,20.01875,24.414454460144043,0.86825,0.787778552085851,0.8688739433870527,0.8730772034701465,0.8900580731622574,0.7700729927007299,0.6125461254612546,0.6855123674911661,0.802943581357318,0.8802395209580839
RF_100k,asymmetric,0.3,0,80000,29.898750000000003,24.335742950439453,0.79475,0.671301854411214,0.8016762071569192,0.8168126632856924,0.8363672241132653,0.5505942820430453,0.3275862068965517,0.6292947558770343,0.7354838709677419,0.8029739776951673
RF_100k,asymmetric,0.3,1,80000,30.056250000000002,24.52788543701172,0.80075,0.6875944642363884,0.8074957494454782,0.8252759802055577,0.8378096609243906,0.5682031984948259,0.3813953488372093,0.6534296028880866,0.7362366474938373,0.8108108108108109
RF_100k,asymmetric,0.3,2,80000,30.03125,24.34093737602234,0.79575,0.6767694731117484,0.8037872074262765,0.8214801855936715,0.8368533518859017,0.547867298578199,0.32270916334661354,0.684981684981685,0.7357083678541839,0.7877862595419848
RF_100k,asymmetric,0.3,3,80000,29.983749999999997,24.006510972976685,0.7945,0.6611908366554571,0.8014352418036818,0.8225206768343577,0.8373365159878662,0.5575,0.35294117647058826,0.6148148148148148,0.6843413421706711,0.7588813303099018
RF_100k,asymmetric,0.3,4,80000,30.051250000000003,23.794315814971924,0.79935,0.6744831446686729,0.806606957116985,0.8262760357061112,0.8395941598614204,0.5480862013509167,0.34710743801652894,0.6196660482374768,0.7244480784955029,0.8162040510127532
RF_100k,asymmetric,0.4,0,80000,40.082499999999996,25.665175914764404,0.6636,0.5449397855730371,0.690766874401624,0.7305644302449414,0.7265557858551135,0.2756501182033097,0.193717277486911,0.5741444866920152,0.6503378378378378,0.6636085626911316
RF_100k,asymmetric,0.4,1,80000,39.9325,25.639097452163696,0.6682,0.5304333466063726,0.6958047943025782,0.7399446344243609,0.7352317479551651,0.26545632973503436,0.16028708133971292,0.5381679389312977,0.6184323858742463,0.6555133079847909
RF_100k,asymmetric,0.4,2,80000,40.21125,25.210216522216797,0.66285,0.5535487198752017,0.6909327320118258,0.7288567436508588,0.723705501618123,0.27974653837127433,0.17237008871989862,0.6151012891344383,0.6637401229148375,0.6913207547169812
RF_100k,asymmetric,0.4,3,80000,40.08875,24.63605284690857,0.6661,0.5476709358048378,0.6933930644872773,0.7337940111878908,0.7282729383264358,0.28524513253577294,0.190224570673712,0.5924528301886792,0.6278870829769033,0.6758199847444699
RF_100k,asymmetric,0.4,4,80000,39.975,24.903371334075928,0.6602,0.5373010496640217,0.6883902680625245,0.7324175372213539,0.7213446739570676,0.27470997679814385,0.18421052631578946,0.5230769230769231,0.6451063829787234,0.6802413273001509
RF_100k,pairflip,0.4,0,80000,24.610000000000003,23.01959252357483,0.75675,0.6911676428212282,0.776051952386708,0.8921947965310206,0.7604468349193215,0.38810440735986307,0.8169014084507042,0.7692307692307693,0.5738993710691824,0.6373959121877366
RF_100k,pairflip,0.4,1,80000,24.456249999999997,23.356401205062866,0.75775,0.6869145411073231,0.7756988743175335,0.8907049365490665,0.763148647065714,0.3805309734513274,0.821256038647343,0.7561374795417348,0.5645695364238411,0.6320541760722348
RF_100k,pairflip,0.4,2,80000,24.77,22.85278344154358,0.7538,0.692254053274174,0.7726249133063536,0.8878828229027963,0.7539180318173754,0.3921984312062752,0.7979274611398963,0.7665056360708534,0.5857260049220673,0.6616199848599545
RF_100k,pairflip,0.4,3,80000,24.54,22.978622436523438,0.7604,0.6994360182433726,0.7800395308427902,0.8976020305924788,0.7632633812780004,0.3881104033970276,0.8512820512820513,0.7736757624398074,0.5716625716625716,0.6504559270516718
RF_100k,pairflip,0.4,4,80000,24.52875,22.912083387374878,0.75635,0.6900858245734077,0.7758522081960015,0.8943784216851381,0.7594353552654893,0.38509052183173587,0.8269230769230769,0.7628205128205128,0.5649717514124294,0.6369811320754717
XGBoost_100k,symmetric,0.0,0,80000,0.0,19.072678089141846,0.92565,0.8877325141516378,0.9252260510614256,0.9225971866121544,0.937458921077911,0.9195775792038993,0.8756756756756757,0.7735191637630662,0.8595600676818951,0.9257390050468637
XGBoost_100k,symmetric,0.0,1,80000,0.0,18.91427183151245,0.9299,0.8849035583492019,0.9294391949525207,0.9290170525440178,0.9416224412433661,0.9259855189058729,0.8571428571428571,0.7650085763293311,0.8561584840654608,0.9193899782135077
XGBoost_100k,symmetric,0.0,2,80000,0.0,18.90070414543152,0.9258,0.8782810157697228,0.9253292360093599,0.9228638692701842,0.9368037269596922,0.9233822945613339,0.788235294117647,0.7783595113438045,0.8664383561643836,0.9318840579710145
XGBoost_100k,symmetric,0.0,3,80000,0.0,18.93407368659973,0.9289,0.8911370692030793,0.9285756703318196,0.9269001799806175,0.9401692081665738,0.9183755528749498,0.8666666666666667,0.7952622673434856,0.8534923339011925,0.9370932754880694
XGBoost_100k,symmetric,0.0,4,80000,0.0,18.592272996902466,0.93045,0.8952825411862282,0.9301034814323325,0.928496977277465,0.93965082248461,0.9312169312169312,0.8770053475935828,0.7783417935702199,0.8768054375531011,0.9354604786076868
XGBoost_100k,symmetric,0.1,0,80000,10.13875,26.3580424785614,0.9093,0.8506438357001207,0.9084350238891921,0.9077019237447045,0.9254783484390735,0.8916633105114781,0.8222222222222222,0.6937269372693727,0.8072601555747623,0.9064539521392313
XGBoost_100k,symmetric,0.1,1,80000,9.936250000000001,26.28533363342285,0.9134,0.8493762439098297,0.9125814833630639,0.9136351013607331,0.9291513287277495,0.9013972055888223,0.7955801104972375,0.7067395264116576,0.8034782608695652,0.8956521739130435
XGBoost_100k,symmetric,0.1,2,80000,10.19375,26.628360986709595,0.9087,0.8483266845555749,0.9080979479485902,0.9057285873192435,0.9239854633555421,0.9024101145792177,0.7555555555555555,0.7301038062283737,0.8208695652173913,0.8996336996336997
XGBoost_100k,symmetric,0.1,3,80000,10.08375,26.34875726699829,0.91205,0.8503349984425604,0.9113413306341305,0.9114065001043914,0.9281723461015755,0.8927280032141423,0.7868852459016393,0.7259786476868327,0.7986111111111112,0.9085631349782293
XGBoost_100k,symmetric,0.1,4,80000,10.10875,26.132412433624268,0.91095,0.8461229996216352,0.9101668483054429,0.9117319988879622,0.9253205934121197,0.8958502847843776,0.783068783068783,0.6785714285714286,0.8065915004336514,0.9217264081931237
XGBoost_100k,symmetric,0.2,0,80000,19.885,29.041322708129883,0.8934,0.8093230355973482,0.8924573562658922,0.8929019662529634,0.9124396135265701,0.8767013610888711,0.6947368421052632,0.6206896551724138,0.7866323907455013,0.881159420289855
XGBoost_100k,symmetric,0.2,1,80000,20.07125,28.88095498085022,0.8941,0.805622467231001,0.8932726975354737,0.8967051299874879,0.9149140061532254,0.8736,0.7211538461538461,0.6161971830985915,0.7564766839378239,0.8603104212860311
XGBoost_100k,symmetric,0.2,2,80000,19.92625,29.02642059326172,0.89295,0.7979525532188434,0.8923796707120984,0.8929863623712775,0.913456677787888,0.878222927409758,0.6078431372549019,0.6433566433566433,0.7909698996655519,0.8588322246858833
XGBoost_100k,symmetric,0.2,3,80000,20.09,29.081971645355225,0.89305,0.8062576106687824,0.8921762764202483,0.8943995541933686,0.9131353799698038,0.8718562874251496,0.6770833333333334,0.672566371681416,0.7418502202643171,0.8729121278140886
XGBoost_100k,symmetric,0.2,4,80000,20.01875,28.61202645301819,0.89375,0.8157095923146561,0.8929734218831763,0.8926859762450511,0.912767244856797,0.8819975835682642,0.7272727272727273,0.6360424028268551,0.7836456558773425,0.8755555555555555
XGBoost_100k,symmetric,0.3,0,80000,29.898750000000003,30.397495985031128,0.8704,0.7591665024598545,0.8699427714248356,0.8728671328671329,0.8979879985880692,0.8317152103559871,0.5964912280701754,0.5768566493955095,0.720527617477329,0.8177196804647785
XGBoost_100k,symmetric,0.3,1,80000,30.056250000000002,30.473606824874878,0.8728,0.7506485664520727,0.8725028359565881,0.8777048722602262,0.8997975708502024,0.8417746368276403,0.5387755102040817,0.5689948892674617,0.7067927773000859,0.8206997084548106
XGBoost_100k,symmetric,0.3,2,80000,30.03125,30.41663408279419,0.86735,0.7436419851659605,0.8669248270235017,0.8691706227310807,0.8952776231209192,0.8516634050880626,0.5201793721973094,0.5536912751677853,0.7269653423499577,0.788546255506608
XGBoost_100k,symmetric,0.3,3,80000,29.983749999999997,30.283843755722046,0.86895,0.7380834959970575,0.8682466507915069,0.8752875566399443,0.8968895172692385,0.8345834978286617,0.5327868852459017,0.5223613595706619,0.6901893287435457,0.8144863266814486
XGBoost_100k,symmetric,0.3,4,80000,30.051250000000003,29.9222891330719,0.87025,0.7474185236473655,0.8699281082140177,0.8749041745069343,0.8987796850473442,0.8440366972477065,0.5833333333333334,0.5231788079470199,0.6966101694915254,0.8110867979576951
XGBoost_100k,symmetric,0.4,0,80000,40.082499999999996,31.55650281906128,0.8355,0.667189781900979,0.8375909224347857,0.8451694557727465,0.876986763428221,0.7782101167315175,0.33544303797468356,0.4795144157814871,0.6155088852988692,0.7394957983193278
XGBoost_100k,symmetric,0.4,1,80000,39.9325,31.358578205108643,0.83785,0.6688882382043324,0.839896423120825,0.852116624614522,0.8776794393001484,0.7828503374354903,0.39087947882736157,0.4341317365269461,0.6156274664561957,0.7289325842696629
XGBoost_100k,symmetric,0.4,2,80000,40.21125,31.436518669128418,0.83255,0.6709882868921241,0.8346194891998275,0.8404240282685512,0.8700610997963341,0.7931570762052877,0.31446540880503143,0.49127906976744184,0.6187290969899666,0.7688022284122563
XGBoost_100k,symmetric,0.4,3,80000,40.08875,31.21864151954651,0.83865,0.6719909630695791,0.8412104081600273,0.8521285593459261,0.8786563887896268,0.7827450980392157,0.36578171091445427,0.47262247838616717,0.6012861736334405,0.7507163323782235
XGBoost_100k,symmetric,0.4,4,80000,39.975,30.72303605079651,0.8313,0.6580287707498886,0.8333146880631832,0.8447196228804615,0.8716981132075472,0.7795275590551181,0.34726688102893893,0.44108761329305135,0.5880478087649402,0.7338537970191625
XGBoost_100k,asymmetric,0.0,0,80000,0.0,19.0797438621521,0.92565,0.8877325141516378,0.9252260510614256,0.9225971866121544,0.937458921077911,0.9195775792038993,0.8756756756756757,0.7735191637630662,0.8595600676818951,0.9257390050468637
XGBoost_100k,asymmetric,0.0,1,80000,0.0,19.139371395111084,0.9299,0.8849035583492019,0.9294391949525207,0.9290170525440178,0.9416224412433661,0.9259855189058729,0.8571428571428571,0.7650085763293311,0.8561584840654608,0.9193899782135077
XGBoost_100k,asymmetric,0.0,2,80000,0.0,19.00479817390442,0.9258,0.8782810157697228,0.9253292360093599,0.9228638692701842,0.9368037269596922,0.9233822945613339,0.788235294117647,0.7783595113438045,0.8664383561643836,0.9318840579710145
XGBoost_100k,asymmetric,0.0,3,80000,0.0,19.048441410064697,0.9289,0.8911370692030793,0.9285756703318196,0.9269001799806175,0.9401692081665738,0.9183755528749498,0.8666666666666667,0.7952622673434856,0.8534923339011925,0.9370932754880694
XGBoost_100k,asymmetric,0.0,4,80000,0.0,18.654072999954224,0.93045,0.8952825411862282,0.9301034814323325,0.928496977277465,0.93965082248461,0.9312169312169312,0.8770053475935828,0.7783417935702199,0.8768054375531011,0.9354604786076868
XGBoost_100k,asymmetric,0.1,0,80000,10.13875,23.56151247024536,0.90185,0.8397965746229802,0.9010806060023049,0.8974775665936551,0.9195734502690851,0.8748528834837191,0.7378640776699029,0.7279411764705882,0.8309859154929577,0.8898809523809523
XGBoost_100k,asymmetric,0.1,1,80000,9.936250000000001,23.291661500930786,0.90545,0.8373779798764146,0.9047368046658394,0.9057189196812636,0.9223165252121818,0.8761682242990654,0.7346938775510204,0.7246891651865008,0.8113374667847653,0.886721680420105
XGBoost_100k,asymmetric,0.1,2,80000,10.19375,23.509925842285156,0.9018,0.842049046170881,0.9011528876607247,0.896566371681416,0.9175802272274267,0.8827639751552795,0.7021276595744681,0.7575221238938054,0.8347978910369068,0.9029850746268657
XGBoost_100k,asymmetric,0.1,3,80000,10.08375,23.322970390319824,0.90365,0.8437494135719559,0.9029713219870146,0.8996805111821087,0.9208668853762799,0.8744622604614783,0.7346938775510204,0.7565674255691769,0.8192341941228851,0.9007407407407407
XGBoost_100k,asymmetric,0.1,4,80000,10.10875,23.116464853286743,0.90505,0.853792252635521,0.9042953190029493,0.9014722536806342,0.9207896176221968,0.8846761453396524,0.8097560975609757,0.7366548042704626,0.8306595365418895,0.8925373134328358
XGBoost_100k,asymmetric,0.2,0,80000,19.885,24.480340003967285,0.8653,0.7737474529304355,0.8647296061619302,0.8640222482435597,0.8912277266496965,0.7857405365674385,0.5785123966942148,0.6742424242424242,0.7841726618705036,0.8383141762452108
XGBoost_100k,asymmetric,0.2,1,80000,20.07125,24.44852924346924,0.86685,0.7860291248059699,0.8663794602419943,0.8659748611517101,0.8933726067746687,0.7861271676300579,0.6558704453441295,0.7108655616942909,0.7743682310469314,0.815625
XGBoost_100k,asymmetric,0.2,2,80000,19.92625,24.571041345596313,0.8613,0.7689508606836333,0.8609724667995071,0.8592777085927771,0.8877215376307134,0.7798787013913664,0.5470085470085471,0.6830188679245283,0.7954144620811288,0.8303362001563722
XGBoost_100k,asymmetric,0.2,3,80000,20.09,24.43276309967041,0.86285,0.7730024992978662,0.8624033810601477,0.8613352898019075,0.8906311250490004,0.7801215588130139,0.5811965811965812,0.7233273056057866,0.7506950880444856,0.8237105465742879
XGBoost_100k,asymmetric,0.2,4,80000,20.01875,24.01110029220581,0.86485,0.7815639630596368,0.864367337381515,0.8633903758958608,0.8894987014259813,0.7903755012759752,0.6101694915254238,0.6958105646630237,0.7913669064748201,0.8303362001563722
XGBoost_100k,asymmetric,0.3,0,80000,29.898750000000003,25.10104727745056,0.78375,0.6619082887098123,0.7873351380536994,0.790148395618056,0.8285520449699554,0.5924344112263575,0.3652173913043478,0.6177606177606177,0.7113970588235294,0.7278481012658228
XGBoost_100k,asymmetric,0.3,1,80000,30.056250000000002,25.126060009002686,0.78575,0.672802309075332,0.7898212944444176,0.7977345022887734,0.8268379312022576,0.5943870014771049,0.425,0.631578947368421,0.6907706945765937,0.7433070866141732
XGBoost_100k,asymmetric,0.3,2,80000,30.03125,25.043068170547485,0.7858,0.6634495842453579,0.7892619646797103,0.7910436197412257,0.8301886792452831,0.6067755595886267,0.33727810650887574,0.6566037735849056,0.7055503292568204,0.7167070217917676
XGBoost_100k,asymmetric,0.3,3,80000,29.983749999999997,24.9581561088562,0.78545,0.6487603727767283,0.7875137927681402,0.7913211933359163,0.8320255739610578,0.6181377009402487,0.38311688311688313,0.5625,0.6540642722117203,0.7001569858712716
XGBoost_100k,asymmetric,0.3,4,80000,30.051250000000003,24.611652135849,0.78585,0.6676870731422444,0.7893481873204868,0.7960408385940301,0.828244644761074,0.5975427030266707,0.43243243243243246,0.5884615384615385,0.6818613485280152,0.7492260061919505
XGBoost_100k,asymmetric,0.4,0,80000,40.082499999999996,25.119134664535522,0.6542,0.5266695870046195,0.6690631700211496,0.6775578947368421,0.7205975687155202,0.38790593505039195,0.2345415778251599,0.5195876288659794,0.6078431372549019,0.5386533665835411
XGBoost_100k,asymmetric,0.4,1,80000,39.9325,25.330256700515747,0.66725,0.5248767361284833,0.6807578405722802,0.6872521724457943,0.7362972280005805,0.3952267303102625,0.20423892100192678,0.4899598393574297,0.577560975609756,0.5836012861736335
XGBoost_100k,asymmetric,0.4,2,80000,40.21125,25.24315094947815,0.6549,0.5468152995581086,0.6708584869545212,0.6739814578548949,0.7179937548790007,0.38906180524677636,0.2249488752556237,0.5764705882352941,0.6181455633100698,0.6271050521251003
XGBoost_100k,asymmetric,0.4,3,80000,40.08875,25.211872816085815,0.6597,0.5368652532062924,0.6748995803208926,0.6832203389830509,0.7259966858368262,0.3915273132664437,0.25523012552301255,0.5515873015873016,0.576204523107178,0.5742904841402338
XGBoost_100k,asymmetric,0.4,4,80000,39.975,24.77603793144226,0.65745,0.5331747943099441,0.6718106860002022,0.6796841837167841,0.722724181482561,0.3907629612859407,0.2721649484536082,0.4948875255623722,0.5907752698724239,0.5812244897959183
XGBoost_100k,pairflip,0.4,0,80000,24.610000000000003,23.44010353088379,0.7598,0.6874203641160325,0.7819521733827011,0.9138591890256204,0.7660368556099837,0.3490526315789474,0.8795811518324608,0.7747440273037542,0.5347682119205298,0.593900481540931
XGBoost_100k,pairflip,0.4,1,80000,24.456249999999997,23.458214282989502,0.76405,0.6803468057856276,0.7848105518283026,0.918784456097889,0.7711051089017873,0.32942737121379617,0.8449197860962567,0.7766666666666666,0.5008880994671403,0.6206361520558572
XGBoost_100k,pairflip,0.4,2,80000,24.77,23.512156009674072,0.75775,0.6876058378645321,0.7812086691249327,0.9168630090878492,0.757802454704851,0.33429871741828715,0.7840909090909091,0.8040201005025126,0.5408805031446541,0.6752851711026616
XGBoost_100k,pairflip,0.4,3,80000,24.54,23.40622091293335,0.75925,0.6874052200243164,0.7829431135088241,0.9187221997573797,0.764798691053585,0.3370646766169154,0.8681318681318682,0.7848932676518884,0.5176470588235295,0.6205787781350482
XGBoost_100k,pairflip,0.4,4,80000,24.52875,22.95605444908142,0.7619,0.6949578674901993,0.7848664713446492,0.9201808245057689,0.7636894337419732,0.347210657785179,0.8691099476439791,0.7875816993464052,0.5390428211586902,0.6378896882494005
Voting_100k,symmetric,0.0,0,80000,0.0,58.663713216781616,0.9212,0.8887083899967875,0.9207685453446116,0.9160507600055781,0.9332189187824945,0.917401764234162,0.8936170212765957,0.774869109947644,0.8583473861720068,0.9274537695590327
Voting_100k,symmetric,0.0,1,80000,0.0,54.644713163375854,0.92315,0.8801661309629815,0.9227752200635536,0.9210782270390441,0.935571963183979,0.9172992409109069,0.851063829787234,0.7736486486486487,0.8444444444444444,0.9180565627266135
Voting_100k,symmetric,0.0,2,80000,0.0,54.38738179206848,0.92185,0.8774230638844581,0.921420309450287,0.9170847268673356,0.9338116410670978,0.9204590423426988,0.8,0.7793103448275862,0.863905325443787,0.9273903666427031
Voting_100k,symmetric,0.0,3,80000,0.0,54.440874099731445,0.92315,0.8884703945550508,0.9227968436079129,0.919910701827822,0.9352379990914138,0.9137176938369781,0.8864864864864865,0.7918781725888325,0.8395904436860068,0.9324712643678161
Voting_100k,symmetric,0.0,4,80000,0.0,53.87450885772705,0.92745,0.895932461912363,0.9271719519690161,0.9237311767986615,0.9371370865942944,0.9294070189592578,0.8808290155440415,0.7906976744186046,0.8744734625105307,0.935251798561151
Voting_100k,symmetric,0.1,0,80000,10.13875,65.01573038101196,0.90665,0.8542851668104472,0.9062594725284735,0.9025955902874686,0.9223374652162915,0.9007572738142686,0.8085106382978723,0.7241962774957699,0.8172757475083057,0.9043231750531537
Voting_100k,symmetric,0.1,1,80000,9.936250000000001,65.40222382545471,0.909,0.8477170268423588,0.9086096248701697,0.9075196877831208,0.9244786394006884,0.9013861386138614,0.7628865979381443,0.7294117647058823,0.8044217687074829,0.9039145907473309
Voting_100k,symmetric,0.1,2,80000,10.19375,65.63622426986694,0.90565,0.8457545410789523,0.9052983158312804,0.9016679461232465,0.9212765957446809,0.8982785602503912,0.7351351351351352,0.7330016583747927,0.8323504633529908,0.8985714285714286
Voting_100k,symmetric,0.1,3,80000,10.08375,65.73141288757324,0.9089,0.8508244887514722,0.9085575800769928,0.9063156420669374,0.9247539742619227,0.894695170229612,0.7551020408163265,0.7623762376237624,0.8013698630136986,0.9111584932480455
Voting_100k,symmetric,0.1,4,80000,10.10875,64.31055307388306,0.91185,0.856305171873163,0.9114257751050747,0.90993006993007,0.9258399757844819,0.9016786570743405,0.7939698492462312,0.7106598984771574,0.8270042194092827,0.9250535331905781
Voting_100k,symmetric,0.2,0,80000,19.885,69.41360425949097,0.89125,0.8104282249827044,0.8911062128156633,0.8897007165940706,0.9114873770658015,0.872257053291536,0.6697674418604651,0.6655574043261231,0.7748776508972267,0.8893499308437067
Voting_100k,symmetric,0.2,1,80000,20.07125,73.14389753341675,0.89325,0.8091748748505838,0.8933264467109595,0.8936944502764365,0.9142857142857143,0.8770971517752634,0.6666666666666666,0.6816,0.7691029900332226,0.8617771509167842
Voting_100k,symmetric,0.2,2,80000,19.92625,71.21441388130188,0.8905,0.800678662505944,0.8905803399901564,0.8896976483762598,0.91005291005291,0.8852713178294573,0.5982142857142857,0.6612641815235009,0.7890056588520614,0.871244635193133
Voting_100k,symmetric,0.2,3,80000,20.09,70.07018399238586,0.8915,0.8058157993606947,0.8914876083802268,0.8921417565485362,0.9118334179786693,0.87578125,0.6542056074766355,0.6731078904991948,0.7489711934156379,0.8846694796061885
Voting_100k,symmetric,0.2,4,80000,20.01875,71.98746538162231,0.893,0.8088433946980526,0.8929267391401073,0.8934173669467788,0.911129146799229,0.8811298548450373,0.6422018348623854,0.6558441558441559,0.7930750206100577,0.8851063829787233
Voting_100k,symmetric,0.3,0,80000,29.898750000000003,72.24238443374634,0.86985,0.7562709656439744,0.8711106271720775,0.8720486356567227,0.8981968636665475,0.8417377812257564,0.5211267605633803,0.6018518518518519,0.7274131274131274,0.8315217391304348
Voting_100k,symmetric,0.3,1,80000,30.056250000000002,76.7449643611908,0.8712,0.7510351303447361,0.8728995199618539,0.8773776935495192,0.8980872069107363,0.8532004599463396,0.4852459016393443,0.6011730205278593,0.7337662337662337,0.8083953960731212
Voting_100k,symmetric,0.3,2,80000,30.03125,71.81109809875488,0.87035,0.7416235438003947,0.8718758832913256,0.872880759760816,0.8983589743589744,0.8679389312977099,0.4166666666666667,0.5892857142857143,0.7415730337078652,0.8046607265250172
Voting_100k,symmetric,0.3,3,80000,29.983749999999997,76.62826323509216,0.86975,0.7394276433463449,0.8711537776552379,0.8773239436619719,0.8984203261591943,0.8398930072602216,0.46853146853146854,0.5658093797276853,0.702485966319166,0.8235294117647058
Voting_100k,symmetric,0.3,4,80000,30.051250000000003,71.40052962303162,0.87185,0.7510309245086232,0.8731840094932893,0.8773412195465428,0.8991661124469228,0.8548262548262548,0.5357142857142857,0.5366568914956011,0.7143993635640413,0.8391123439667129
Voting_100k,symmetric,0.4,0,80000,40.082499999999996,73.587806224823,0.833,0.6683396699288817,0.8390132035750392,0.8444158444158444,0.8768093304175778,0.7985074626865671,0.3024390243902439,0.4778761061946903,0.6353631694790902,0.7429667519181585
Voting_100k,symmetric,0.4,1,80000,39.9325,73.32304406166077,0.83435,0.6627572308021062,0.840605244713958,0.8513657325292657,0.8773727971552581,0.7998497934660158,0.31143552311435524,0.4473007712082262,0.618944323933478,0.7330316742081447
Voting_100k,symmetric,0.4,2,80000,40.21125,73.25579380989075,0.8311,0.6699069464317493,0.8369544842091922,0.844457134699122,0.8699369233175207,0.8124306326304107,0.28921568627450983,0.48816936488169366,0.619865571321882,0.7652733118971061
Voting_100k,symmetric,0.4,3,80000,40.08875,72.72058653831482,0.8377,0.6720954214878149,0.8439842910812689,0.8567554064663478,0.8775945481974717,0.799249530956848,0.3165137614678899,0.4806007509386733,0.6164179104477612,0.7575360419397117
Voting_100k,symmetric,0.4,4,80000,39.975,72.50915694236755,0.831,0.6608427837939531,0.8371353849759787,0.8483206161306425,0.8728712046247591,0.797752808988764,0.32,0.4275,0.6174981923355025,0.7419566644780039
Voting_100k,asymmetric,0.0,0,80000,0.0,53.758251667022705,0.9212,0.8887083899967875,0.9207685453446116,0.9160507600055781,0.9332189187824945,0.917401764234162,0.8936170212765957,0.774869109947644,0.8583473861720068,0.9274537695590327
Voting_100k,asymmetric,0.0,1,80000,0.0,53.59517168998718,0.92315,0.8801661309629815,0.9227752200635536,0.9210782270390441,0.935571963183979,0.9172992409109069,0.851063829787234,0.7736486486486487,0.8444444444444444,0.9180565627266135
Voting_100k,asymmetric,0.0,2,80000,0.0,53.5406653881073,0.92185,0.8774230638844581,0.921420309450287,0.9170847268673356,0.9338116410670978,0.9204590423426988,0.8,0.7793103448275862,0.863905325443787,0.9273903666427031
Voting_100k,asymmetric,0.0,3,80000,0.0,54.31150531768799,0.92315,0.8884703945550508,0.9227968436079129,0.919910701827822,0.9352379990914138,0.9137176938369781,0.8864864864864865,0.7918781725888325,0.8395904436860068,0.9324712643678161
Voting_100k,asymmetric,0.0,4,80000,0.0,53.65493297576904,0.92745,0.895932461912363,0.9271719519690161,0.9237311767986615,0.9371370865942944,0.9294070189592578,0.8808290155440415,0.7906976744186046,0.8744734625105307,0.935251798561151
Voting_100k,asymmetric,0.1,0,80000,10.13875,61.44598746299744,0.90325,0.8549929769749106,0.9028693141733144,0.8982942883431241,0.91889996493513,0.8715345568137446,0.7699530516431925,0.7686832740213523,0.847571189279732,0.9100145137880987
Voting_100k,asymmetric,0.1,1,80000,9.936250000000001,60.111292600631714,0.90755,0.8473727660759753,0.9071444265318789,0.9067981683691441,0.9232081911262798,0.8828125,0.7524752475247525,0.7457044673539519,0.8211243611584327,0.8994864269992663
Voting_100k,asymmetric,0.1,2,80000,10.19375,60.23987340927124,0.90255,0.8465910380021062,0.9021810016059486,0.8984502158375204,0.9176399819539827,0.8774490971955436,0.72,0.7577854671280276,0.8442553191489361,0.9105571847507331
Voting_100k,asymmetric,0.1,3,80000,10.08375,61.13719129562378,0.9044,0.8475590868709162,0.9041064234424295,0.9016486640136441,0.92063968015992,0.8649903288201161,0.7184466019417476,0.7877758913412564,0.8206896551724138,0.918722786647315
Voting_100k,asymmetric,0.1,4,80000,10.10875,60.17711043357849,0.90785,0.8582619452192845,0.9074650464011511,0.905187074829932,0.9219468319008595,0.8837944664031621,0.7850467289719626,0.7555555555555555,0.8408510638297872,0.9154518950437318
Voting_100k,asymmetric,0.2,0,80000,19.885,61.724748849868774,0.87255,0.7885559603433409,0.8731323084026109,0.876616770818195,0.8948048077878216,0.7723785166240409,0.5725190839694656,0.7137681159420289,0.8036912751677853,0.8861131520940485
Voting_100k,asymmetric,0.2,1,80000,20.07125,61.94636678695679,0.8737,0.7978099564499451,0.874323238502383,0.877659188266899,0.8962090723903214,0.7775768535262206,0.625,0.7451669595782073,0.805484147386461,0.8575734740015072
Voting_100k,asymmetric,0.2,2,80000,19.92625,63.10712552070618,0.8703,0.7804253715912656,0.8712191311192921,0.874000871966284,0.8936191376137663,0.767172812725958,0.5073529411764706,0.7259786476868327,0.8261964735516373,0.8686567164179104
Voting_100k,asymmetric,0.2,3,80000,20.09,62.03662133216858,0.87215,0.7903199830511731,0.8730467094862466,0.877045008361812,0.8955298095569589,0.7654409139593003,0.5725190839694656,0.7582608695652174,0.7951807228915663,0.8682634730538922
Voting_100k,asymmetric,0.2,4,80000,20.01875,62.33966040611267,0.8744,0.7964533020424874,0.875082715145217,0.8782260996001454,0.8951756998213222,0.777046783625731,0.5842696629213483,0.7313691507798961,0.8256410256410256,0.8834446919079436
Voting_100k,asymmetric,0.3,0,80000,29.898750000000003,64.72529625892639,0.80245,0.687637672135258,0.8091107960543974,0.8252345716683195,0.8400376032853397,0.5686520376175549,0.3532219570405728,0.6618444846292948,0.7555178268251274,0.808955223880597
Voting_100k,asymmetric,0.3,1,80000,30.056250000000002,64.33709764480591,0.8027,0.6924505449716847,0.8101011212860294,0.8305819703309243,0.8377182075893967,0.5663449939686369,0.37593984962406013,0.6726618705035972,0.746268656716418,0.8176382660687593
Voting_100k,asymmetric,0.3,2,80000,30.03125,64.1765832901001,0.80185,0.6826487535848494,0.8091477072537179,0.8259980304522385,0.8409023154128987,0.5702860658258997,0.31554524361948955,0.6886446886446886,0.7633187772925765,0.7738461538461539
Voting_100k,asymmetric,0.3,3,80000,29.983749999999997,63.721537351608276,0.8004,0.6717128159759334,0.8068720818042838,0.8262454434993924,0.8413628687791795,0.5774946921443737,0.3556701030927835,0.6482504604051565,0.6877748460861918,0.7651912978244562
Voting_100k,asymmetric,0.3,4,80000,30.051250000000003,63.59975814819336,0.8046,0.6877649792985058,0.8117506238578197,0.8323672971323978,0.8409000793021412,0.5651906519065191,0.3776223776223776,0.6259259259259259,0.7489063867016623,0.8234421364985163
Voting_100k,asymmetric,0.4,0,80000,40.082499999999996,64.2608711719513,0.6695,0.5518192318853774,0.6948502078816832,0.7325600392092795,0.7284212654133818,0.31725079654073735,0.19032761310452417,0.5868725868725869,0.6636771300448431,0.6436251920122887
Voting_100k,asymmetric,0.4,1,80000,39.9325,64.0915915966034,0.6796,0.5440003887756155,0.704305487249258,0.7446183953033269,0.7407444617471242,0.3146282973621103,0.16997167138810199,0.5261121856866537,0.6382592928377153,0.673668417104276
Voting_100k,asymmetric,0.4,2,80000,40.21125,64.61146283149719,0.66905,0.5667881966534766,0.6956294611640951,0.7319155924131702,0.7242356752379024,0.31690777576853524,0.18584070796460178,0.6336996336996337,0.6697416974169742,0.7051762940735183
Voting_100k,asymmetric,0.4,3,80000,40.08875,64.32366871833801,0.6717,0.5615050571193025,0.6980208116823509,0.7373180958645071,0.7289993433348487,0.31737469094178467,0.20795107033639143,0.6205607476635514,0.6368613138686131,0.6814701378254211
Voting_100k,asymmetric,0.4,4,80000,39.975,64.34091830253601,0.66925,0.550915107551943,0.6952364978809101,0.7369285069358943,0.7253713246438315,0.31616982836495033,0.20245398773006135,0.5402298850574713,0.6503623188405797,0.6848899012908124
Voting_100k,pairflip,0.4,0,80000,24.610000000000003,60.79332113265991,0.7652,0.6973172473907274,0.7858741725008959,0.9102736051502146,0.7688238405924881,0.3784700148336512,0.8472906403940886,0.7830342577487766,0.573015873015873,0.6203125
Voting_100k,pairflip,0.4,1,80000,24.456249999999997,61.22074556350708,0.76895,0.7001438509202613,0.7886837288506157,0.9121114683815649,0.7736716522143979,0.3672217353198948,0.8571428571428571,0.7910685805422647,0.5614927905004241,0.6382978723404256
Voting_100k,pairflip,0.4,2,80000,24.77,61.07933831214905,0.7632,0.7035013379847055,0.7845381346001646,0.9097739317099349,0.7616412550774121,0.3684762104380633,0.8,0.810207336523126,0.5952782462057336,0.6791323859386686
Voting_100k,pairflip,0.4,3,80000,24.54,60.945465326309204,0.76435,0.702670647257176,0.7862393820786964,0.9140095321205612,0.7673570251823959,0.3648931713447843,0.8736842105263158,0.810126582278481,0.5476973684210527,0.640926640926641
Voting_100k,pairflip,0.4,4,80000,24.52875,60.0885066986084,0.7679,0.7073628249298468,0.7890306054944697,0.9155251141552512,0.7689867841409692,0.372673434856176,0.864321608040201,0.8069620253164557,0.5779591836734694,0.6451116243264049
