dataset,condition,noise_type,fold,actual_noise_pct,f1_RF,acc_RF,f1_XGB,acc_XGB,f1_ET,acc_ET,f1_Voting,acc_Voting,f1_PlainStack,acc_PlainStack,f1_DAS,acc_DAS,mean_pairwise_kappa,f1_best_single,stack_gap_vs_best,das_delta
cifar10,asymmetric_10,asymmetric,0,10.158333333333333,0.821381647871825,0.822,0.8661232490658353,0.8663333333333333,0.832074855444748,0.833,0.8651681382771061,0.8653333333333333,0.859564655358728,0.8596666666666667,0.860984459300089,0.861,0.8822222372373494,0.8661232490658353,-0.006558593707107319,0.0014198039413610974
cifar10,asymmetric_10,asymmetric,1,10.1625,0.8294235363256174,0.8296666666666667,0.8727080299124002,0.8726666666666667,0.8309393799086788,0.8316666666666667,0.8738835456029571,0.8738333333333334,0.8711745198650702,0.871,0.8719290864826871,0.8718333333333333,0.883469365512024,0.8727080299124002,-0.0015335100473299335,0.0007545666176168586
cifar10,asymmetric_10,asymmetric,2,10.05,0.8273853105509854,0.8276666666666667,0.8690091169379279,0.8688333333333333,0.8306247628762542,0.8313333333333334,0.871437825041942,0.8713333333333333,0.8640983474379095,0.8636666666666667,0.8631478468147888,0.8626666666666667,0.8839090935560284,0.8690091169379279,-0.004910769500018453,-0.0009505006231206314
cifar10,asymmetric_10,asymmetric,3,9.766666666666666,0.8262913674677653,0.8263333333333334,0.8764133168374606,0.8761666666666666,0.8384750660791911,0.8388333333333333,0.8761517227391948,0.876,0.8694224887432114,0.8691666666666666,0.8701971706363183,0.87,0.8858111701150468,0.8764133168374606,-0.006990828094249224,0.000774681893106921
cifar10,asymmetric_10,asymmetric,4,10.2875,0.8175929006243365,0.8181666666666667,0.8584323822895568,0.8583333333333333,0.8239950615696188,0.8241666666666667,0.8601109487162567,0.86,0.8567287025755297,0.8565,0.8574846888101229,0.8573333333333333,0.881356581227127,0.8584323822895568,-0.0017036797140270732,0.0007559862345931645
cifar10,asymmetric_20,asymmetric,0,20.125,0.8174082800539659,0.818,0.8393884962022995,0.8395,0.8233857685674746,0.8245,0.8447450883137421,0.845,0.8226056883271337,0.8225,0.8287092512915267,0.8285,0.8665527934827009,0.8393884962022995,-0.01678280787516584,0.006103562964393072
cifar10,asymmetric_20,asymmetric,1,19.9125,0.8222185461309074,0.8226666666666667,0.853132106076622,0.8531666666666666,0.8293487439042664,0.8296666666666667,0.8579716510610229,0.858,0.8394828742755072,0.8393333333333334,0.842574653938723,0.8425,0.8701606873322482,0.853132106076622,-0.01364923180111488,0.0030917796632158323
cifar10,asymmetric_20,asymmetric,2,19.4375,0.8208221657885983,0.8211666666666667,0.8527134522569148,0.8528333333333333,0.8239698774942295,0.8245,0.8580687990961214,0.8581666666666666,0.8365990769088899,0.8366666666666667,0.8380924844712709,0.838,0.8714086539657947,0.8527134522569148,-0.016114375348024845,0.0014934075623810328
cifar10,asymmetric_20,asymmetric,3,20.2875,0.8236826362319041,0.8238333333333333,0.8536901794151,0.8536666666666667,0.8312379035589489,0.8315,0.860433217843782,0.8605,0.8425296476684482,0.8423333333333334,0.8438372509028943,0.8436666666666667,0.8752416750300979,0.8536901794151,-0.01116053174665177,0.0013076032344461197
cifar10,asymmetric_20,asymmetric,4,19.8375,0.8128843740131592,0.8131666666666667,0.8455591925675077,0.8455,0.8228354806067735,0.823,0.8501248348295782,0.85,0.8334585636224787,0.8331666666666667,0.8355493713920994,0.8353333333333334,0.8702468849901059,0.8455591925675077,-0.012100628945028946,0.002090807769620673
cifar10,asymmetric_30,asymmetric,0,30.012499999999996,0.8030557525015849,0.8036666666666666,0.7944800350437847,0.7945,0.8126184735443965,0.8136666666666666,0.8210218111980879,0.8213333333333334,0.7758652423147945,0.7756666666666666,0.7822047713288235,0.7818333333333334,0.8329554937682376,0.8126184735443965,-0.03675323122960206,0.006339529014029011
cifar10,asymmetric_30,asymmetric,1,29.50833333333333,0.8091423751891405,0.8096666666666666,0.8065301782842782,0.8066666666666666,0.8183462911795715,0.8188333333333333,0.8304415514591812,0.8306666666666667,0.7927372593898502,0.7925,0.7952118744729674,0.7951666666666667,0.8336979147758234,0.8183462911795715,-0.025609031789721293,0.002474615083117193
cifar10,asymmetric_30,asymmetric,2,30.0375,0.8052407070912027,0.8058333333333333,0.8030771001864176,0.8033333333333333,0.8115358751154776,0.8123333333333334,0.8225776143199521,0.823,0.7765463336420316,0.7765,0.7816107328216615,0.7815,0.8316765711179231,0.8115358751154776,-0.03498954147344602,0.005064399179629864
cifar10,asymmetric_30,asymmetric,3,29.770833333333336,0.8083627290464005,0.8085,0.8076860183425335,0.8076666666666666,0.817341662506035,0.818,0.8308133523992938,0.8306666666666667,0.7827926726316332,0.7823333333333333,0.7894723812006537,0.7891666666666667,0.8365810610162191,0.817341662506035,-0.0345489898744018,0.006679708569020448
cifar10,asymmetric_30,asymmetric,4,30.020833333333336,0.8032302399897452,0.8033333333333333,0.7994249494780189,0.7991666666666667,0.803918424386824,0.8043333333333333,0.8196202896947018,0.8193333333333334,0.7728354851293945,0.7723333333333333,0.7771184100624792,0.7766666666666666,0.8270552322772486,0.803918424386824,-0.031082939257429554,0.004282924933084686
cifar10,asymmetric_40,asymmetric,0,39.625,0.7342694020862717,0.738,0.6699321948860996,0.6705,0.7419532725535698,0.746,0.7138357311533675,0.7151666666666666,0.6778070647881018,0.6785,0.6844802513236828,0.6851666666666667,0.7196433675339917,0.7419532725535698,-0.06414620776546798,0.006673186535581022
cifar10,asymmetric_40,asymmetric,1,39.90416666666667,0.7493143197853223,0.7515,0.6805867588397897,0.6808333333333333,0.7424390872472333,0.7451666666666666,0.7272852687847218,0.7276666666666667,0.6796640933314938,0.68,0.6789293231233104,0.6795,0.7154579684759907,0.7493143197853223,-0.06965022645382846,-0.0007347702081833551
cifar10,asymmetric_40,asymmetric,2,39.925,0.7481208623433455,0.7501666666666666,0.6616710611229665,0.6618333333333334,0.7517446036093836,0.7533333333333333,0.7070128244435854,0.7073333333333334,0.6743937864581373,0.6738333333333333,0.671749846193942,0.6716666666666666,0.7153458932330058,0.7517446036093836,-0.07735081715124625,-0.0026439402641953436
cifar10,asymmetric_40,asymmetric,3,40.1,0.7389933306482332,0.7413333333333333,0.6767265235156553,0.677,0.7538777521326918,0.7563333333333333,0.7241946665047332,0.7245,0.6760341713643012,0.6763333333333333,0.6877674086069818,0.6886666666666666,0.7160861084942439,0.7538777521326918,-0.0778435807683906,0.011733237242680605
cifar10,asymmetric_40,asymmetric,4,40.10416666666667,0.7376449890254715,0.7395,0.6744248418389313,0.6743333333333333,0.7468555907984333,0.7486666666666667,0.7164759722106296,0.7165,0.6687393828082742,0.6685,0.6772977904706095,0.677,0.7155852475643352,0.7468555907984333,-0.07811620799015917,0.008558407662335288
cifar10,c10n_aggre_0,c10n_aggre,0,8.883333333333333,0.8223095005276913,0.8233333333333334,0.8626434172702284,0.863,0.8314192868716184,0.8326666666666667,0.8630877637612338,0.8635,0.8603359348058686,0.8605,0.8613195486897387,0.8615,0.8888543379492361,0.8626434172702284,-0.0023074824643598557,0.000983613883870138
cifar10,c10n_aggre_0,c10n_aggre,1,8.945833333333333,0.829423580108308,0.8305,0.869158435954508,0.8696666666666667,0.8335552164026758,0.8346666666666667,0.8699840037645921,0.8705,0.871410272178083,0.8718333333333333,0.873559675707909,0.874,0.8919356130947095,0.869158435954508,0.0022518362235749434,0.002149403529826066
cifar10,c10n_aggre_0,c10n_aggre,2,8.987499999999999,0.8244940446619061,0.8253333333333334,0.8624551169607683,0.8626666666666667,0.8278462429289124,0.8288333333333333,0.8640152147281442,0.8643333333333333,0.8610552943287869,0.8611666666666666,0.8642247506387282,0.8643333333333333,0.8889863986930524,0.8624551169607683,-0.0013998226319813512,0.0031694563099412543
cifar10,c10n_aggre_0,c10n_aggre,3,8.958333333333334,0.8247351813926518,0.8256666666666667,0.8746716628561326,0.8748333333333334,0.8317730886926835,0.8326666666666667,0.8759662934777905,0.8761666666666666,0.874012193161445,0.8741666666666666,0.8760738013681006,0.8761666666666666,0.8884329304989,0.8746716628561326,-0.0006594696946876644,0.002061608206655685
cifar10,c10n_aggre_0,c10n_aggre,4,8.858333333333333,0.8196013094958591,0.8205,0.8664938412099783,0.8668333333333333,0.8236235672680993,0.8246666666666667,0.8646065160173908,0.865,0.8657189435153605,0.866,0.8658501541943455,0.866,0.886626577738558,0.8664938412099783,-0.0007748976946178043,0.00013121067898502758
cifar10,c10n_random1_0,c10n_random1,0,17.325,0.8180739457679003,0.8193333333333334,0.8546625021806014,0.855,0.8242721389723737,0.8256666666666667,0.8563184815904338,0.8568333333333333,0.8547095197593885,0.855,0.8549637789080456,0.8551666666666666,0.8765466735722395,0.8546625021806014,4.701757878711188e-05,0.0002542591486571766
cifar10,c10n_random1_0,c10n_random1,1,17.09583333333333,0.8269730335497462,0.8281666666666667,0.8627189299494503,0.8631666666666666,0.8267548004034044,0.8283333333333334,0.8632461254359998,0.8638333333333333,0.8623660014252748,0.8626666666666667,0.8633038143640027,0.8636666666666667,0.8814233853939403,0.8627189299494503,-0.0003529285241755664,0.0009378129387279666
cifar10,c10n_random1_0,c10n_random1,2,17.1125,0.8201608052972474,0.8213333333333334,0.8613808258833877,0.8616666666666667,0.8302932324305257,0.8313333333333334,0.8615587719430273,0.862,0.860928466470862,0.861,0.8635249620408464,0.8636666666666667,0.8825485028380063,0.8613808258833877,-0.00045235941252574907,0.002596495569984425
cifar10,c10n_random1_0,c10n_random1,3,17.133333333333333,0.8242105163664556,0.8251666666666667,0.8671071289782958,0.8673333333333333,0.83192533395847,0.833,0.8685850070623953,0.8688333333333333,0.8711832682209725,0.8711666666666666,0.8710595494310172,0.871,0.878727506967867,0.8671071289782958,0.004076139242676691,-0.00012371878995531826
cifar10,c10n_random1_0,c10n_random1,4,17.333333333333336,0.8139861564276643,0.815,0.8552885108520828,0.8553333333333333,0.8164672556243712,0.8175,0.8570528545528783,0.8571666666666666,0.8578393676892164,0.8578333333333333,0.8603507288310132,0.8603333333333333,0.8734120074031413,0.8552885108520828,0.0025508568371336304,0.0025113611417967308
cifar10,c10n_worse_0,c10n_worse,0,40.229166666666664,0.7844709752041837,0.7868333333333334,0.7943421732997286,0.7956666666666666,0.7825505368208124,0.7858333333333334,0.8081529880101546,0.8098333333333333,0.806838272674988,0.8073333333333333,0.817410236366614,0.818,0.8237370455025971,0.7943421732997286,0.012496099375259417,0.010571963691626052
cifar10,c10n_worse_0,c10n_worse,1,40.25416666666667,0.7907987099201309,0.7928333333333333,0.7957118506716613,0.7971666666666667,0.7891450189404858,0.7926666666666666,0.8094934082754822,0.811,0.8127411799282369,0.8131666666666667,0.8149774002477519,0.8158333333333333,0.8233322119271178,0.7957118506716613,0.01702932925657563,0.002236220319514981
cifar10,c10n_worse_0,c10n_worse,2,40.204166666666666,0.7836006213012745,0.7858333333333334,0.7974717007024377,0.7985,0.7934137245360772,0.796,0.8130261514718278,0.8141666666666667,0.811828973270754,0.8118333333333333,0.8124753103381588,0.813,0.828030055515124,0.7974717007024377,0.014357272568316315,0.0006463370674048008
cifar10,c10n_worse_0,c10n_worse,3,40.15416666666667,0.7887549588027263,0.7903333333333333,0.8107721497095287,0.8108333333333333,0.795968687712676,0.7981666666666667,0.8228437659352835,0.8233333333333334,0.820214260170156,0.8195,0.8266191333798198,0.8266666666666667,0.8256644623203746,0.8107721497095287,0.009442110460627262,0.006404873209663875
cifar10,c10n_worse_0,c10n_worse,4,40.125,0.7807767578167407,0.7831666666666667,0.7983397013691804,0.799,0.7875278935342128,0.79,0.8102474260256394,0.8115,0.8081989106339759,0.8081666666666667,0.8122408280190141,0.8128333333333333,0.8265276639648337,0.7983397013691804,0.009859209264795443,0.0040419173850382295
cifar10,clean_0,clean,0,0.0,0.8252165334223971,0.8258333333333333,0.8724506338070002,0.8725,0.8272198418452742,0.828,0.8696891758978358,0.8698333333333333,0.8712498691052433,0.8711666666666666,0.8713270773440813,0.8713333333333333,0.889832601195025,0.8724506338070002,-0.0012007647017568956,7.720823883805572e-05
cifar10,clean_0,clean,1,0.0,0.8319206337440672,0.8323333333333334,0.8775241438748547,0.8775,0.8353956603182026,0.836,0.8747919515062689,0.8748333333333334,0.8778987635519518,0.8778333333333334,0.8793274363444479,0.8793333333333333,0.8977255606986754,0.8775241438748547,0.0003746196770971766,0.001428672792496033
cifar10,clean_0,clean,2,0.0,0.8255379800704732,0.8258333333333333,0.8781512492753143,0.8781666666666667,0.8319763060925702,0.8325,0.875149751091025,0.8751666666666666,0.8737574069953844,0.8736666666666667,0.8752191022059851,0.8751666666666666,0.8952870514273193,0.8781512492753143,-0.004393842279929894,0.0014616952106006886
cifar10,clean_0,clean,3,0.0,0.8283288203631158,0.8285,0.8837818298485333,0.8836666666666667,0.8356064771779084,0.8361666666666666,0.8812464388711929,0.8811666666666667,0.8821744054296661,0.882,0.8817628164410289,0.8816666666666667,0.8979962479615731,0.8837818298485333,-0.0016074244188671871,-0.0004115889886371349
cifar10,clean_0,clean,4,0.0,0.8175924274236606,0.818,0.8710635701747232,0.871,0.8250001737464598,0.8253333333333334,0.868356397384512,0.8683333333333333,0.8701310262212925,0.87,0.8687393910183729,0.8686666666666667,0.893657698728683,0.8710635701747232,-0.0009325439534307867,-0.0013916352029195167
cifar10,pairflip_40,pairflip,0,23.891666666666666,0.7613642147349264,0.7633333333333333,0.748734166115739,0.7495,0.7649518453535251,0.7673333333333333,0.772794070992783,0.774,0.8104642687364109,0.811,0.8094696274970741,0.811,0.762265279184791,0.7649518453535251,0.04551242338288575,-0.000994641239336791
cifar10,pairflip_40,pairflip,1,24.183333333333334,0.7622921967647214,0.7636666666666667,0.7556707975103301,0.7568333333333334,0.7602890181303842,0.7621666666666667,0.7735121563761302,0.7746666666666666,0.8032194487125507,0.8038333333333333,0.7948630417420359,0.7958333333333333,0.7555280071287475,0.7622921967647214,0.04092725194782931,-0.008356406970514763
cifar10,pairflip_40,pairflip,2,23.995833333333334,0.7609136017141237,0.763,0.7559746746705502,0.757,0.765243199032779,0.7673333333333333,0.7737163491381072,0.775,0.8087182626634973,0.809,0.8058587807265143,0.8063333333333333,0.764292399262198,0.765243199032779,0.04347506363071829,-0.0028594819369830438
cifar10,pairflip_40,pairflip,3,24.270833333333332,0.7575803353069035,0.7593333333333333,0.7555636293070446,0.7558333333333334,0.7643357257199253,0.766,0.7777817100169242,0.7785,0.8041695812199773,0.8043333333333333,0.7977745729352054,0.7985,0.7580338581320062,0.7643357257199253,0.03983385550005203,-0.006395008284771908
cifar10,pairflip_40,pairflip,4,23.8375,0.7603545539770338,0.7618333333333334,0.7580938177302541,0.7583333333333333,0.765178216336313,0.7671666666666667,0.7756298051632299,0.7763333333333333,0.8074213325382964,0.8076666666666666,0.8016890486652877,0.8023333333333333,0.7633282694767526,0.765178216336313,0.0422431162019834,-0.0057322838730087255
cifar10,symmetric_10,symmetric,0,10.158333333333333,0.8221337905920558,0.8226666666666667,0.8712738328368073,0.8711666666666666,0.8325632366960145,0.8333333333333334,0.8706238150677571,0.8706666666666667,0.872743729917582,0.8725,0.8722135298200409,0.872,0.8786571381867656,0.8712738328368073,0.001469897080774718,-0.0005302000975411225
cifar10,symmetric_10,symmetric,1,10.1625,0.8288225417857564,0.8291666666666667,0.8709955322355304,0.8708333333333333,0.8364055016849475,0.837,0.8725811137939624,0.8725,0.8735919917003535,0.8733333333333333,0.8726473328983122,0.8723333333333333,0.8896466168565045,0.8709955322355304,0.00259645946482312,-0.0009446588020413094
cifar10,symmetric_10,symmetric,2,10.05,0.8283911708035172,0.8288333333333333,0.8700262585661817,0.8701666666666666,0.835652644502528,0.8361666666666666,0.8717733392002878,0.8718333333333333,0.8698115621112805,0.8698333333333333,0.8691605886505146,0.869,0.885782700368666,0.8700262585661817,-0.00021469645490113098,-0.0006509734607659245
cifar10,symmetric_10,symmetric,3,9.766666666666666,0.8311184105511871,0.8313333333333334,0.8777497046532577,0.8775,0.8368347612716935,0.8371666666666666,0.8763758859639819,0.8761666666666666,0.8766939376133216,0.8763333333333333,0.8768309796599045,0.8765,0.88656617475562,0.8777497046532577,-0.0010557670399361507,0.00013704204658293584
cifar10,symmetric_10,symmetric,4,10.2875,0.817008047392588,0.8171666666666667,0.8690537993005213,0.869,0.8310569665473292,0.8316666666666667,0.8670414078243445,0.867,0.8694563980405784,0.8693333333333333,0.8688478125991136,0.8686666666666667,0.8832769400166959,0.8690537993005213,0.00040259874005710294,-0.000608585441464804
cifar10,symmetric_20,symmetric,0,20.125,0.8219263066016864,0.8226666666666667,0.8557061053602663,0.8556666666666667,0.8268821003156607,0.8275,0.8578723011312889,0.8578333333333333,0.8574990987139923,0.8573333333333333,0.8582553524171532,0.8578333333333333,0.8767223243276968,0.8557061053602663,0.001792993353726069,0.0007562537031609029
cifar10,symmetric_20,symmetric,1,19.9125,0.8318937824144875,0.8325,0.8609683406899944,0.861,0.8328887358023527,0.8336666666666667,0.8643878751029395,0.8645,0.8608686243874487,0.8608333333333333,0.8622971421116221,0.862,0.8785981067910393,0.8609683406899944,-9.971630254568264e-05,0.001428517724173406
cifar10,symmetric_20,symmetric,2,19.4375,0.825246071170249,0.8256666666666667,0.8588958970110427,0.859,0.8329428797017625,0.8333333333333334,0.8619796258067869,0.862,0.8594371686320322,0.8593333333333333,0.8603612282883774,0.86,0.8800438154578166,0.8588958970110427,0.0005412716209894919,0.000924059656345122
cifar10,symmetric_20,symmetric,3,20.2875,0.825329517477458,0.8255,0.8673114386502462,0.867,0.830879517723224,0.831,0.8677029116095477,0.8675,0.8676030597209954,0.8671666666666666,0.8679490312546367,0.8673333333333333,0.8782313244752493,0.8673114386502462,0.00029162107074920396,0.0003459715336413538
cifar10,symmetric_20,symmetric,4,19.8375,0.8136043525549917,0.8138333333333333,0.8560065688464549,0.856,0.826124219250312,0.8266666666666667,0.8577689103884006,0.8576666666666667,0.856139284445673,0.856,0.8559476301742748,0.8558333333333333,0.8766278737745367,0.8560065688464549,0.00013271559921812504,-0.00019165427139822278
cifar10,symmetric_30,symmetric,0,30.012499999999996,0.8225146812186548,0.8226666666666667,0.8515124113802759,0.8515,0.8272381726259919,0.8278333333333333,0.8564807973697883,0.8565,0.8547698149384114,0.8545,0.8541974663790359,0.8533333333333334,0.866026131395453,0.8515124113802759,0.00325740355813553,-0.0005723485593754907
cifar10,symmetric_30,symmetric,1,29.50833333333333,0.8252634710706983,0.8256666666666667,0.8557743953579087,0.856,0.8316592133503556,0.8321666666666667,0.8608422939041118,0.8611666666666666,0.8572515405628988,0.8573333333333333,0.8589207049813863,0.8588333333333333,0.8693117332199147,0.8557743953579087,0.0014771452049900935,0.0016691644184875232
cifar10,symmetric_30,symmetric,2,30.0375,0.8211428510988963,0.8216666666666667,0.8463050493058736,0.8465,0.8270089068696409,0.8276666666666667,0.8528871676079772,0.8531666666666666,0.849652455815135,0.8495,0.8500462169588723,0.8495,0.8707740416699258,0.8463050493058736,0.0033474065092614635,0.0003937611437372368
cifar10,symmetric_30,symmetric,3,29.770833333333336,0.8277150410034796,0.8278333333333333,0.8553984217761922,0.8551666666666666,0.8330759939998936,0.8333333333333334,0.8605094628913695,0.8603333333333333,0.8548877463594609,0.8545,0.8556778745157969,0.855,0.8694621274497906,0.8553984217761922,-0.0005106754167313321,0.0007901281563360563
cifar10,symmetric_30,symmetric,4,30.020833333333336,0.8154245879201882,0.8156666666666667,0.8489120930882743,0.8486666666666667,0.8251946185717207,0.8258333333333333,0.8564407981196844,0.8561666666666666,0.8506935033192302,0.8501666666666666,0.8521273211382491,0.8511666666666666,0.8652072396908598,0.8489120930882743,0.0017814102309559043,0.0014338178190188566
cifar10,symmetric_40,symmetric,0,39.625,0.8156084792366627,0.816,0.8309067222647164,0.8311666666666667,0.8229791898859726,0.824,0.8426366633719397,0.8428333333333333,0.8361683818161104,0.836,0.838424970714818,0.8378333333333333,0.8483121254785034,0.8309067222647164,0.005261659551394016,0.002256588898707612
cifar10,symmetric_40,symmetric,1,39.90416666666667,0.8231843050370017,0.8238333333333333,0.8332666675047111,0.8333333333333334,0.8200089369332083,0.8208333333333333,0.8523457755518967,0.8525,0.8437928379982862,0.8435,0.8428285792978827,0.8421666666666666,0.851519814452342,0.8332666675047111,0.010526170493575071,-0.0009642587004035086
cifar10,symmetric_40,symmetric,2,39.925,0.8172359613575105,0.8175,0.8350701875945298,0.8351666666666666,0.82422382380274,0.8246666666666667,0.8476682150054058,0.8478333333333333,0.8421711620142028,0.842,0.844665413252098,0.844,0.8540935217920161,0.8350701875945298,0.007100974419673056,0.002494251237895151
cifar10,symmetric_40,symmetric,3,40.1,0.8224028855871331,0.8226666666666667,0.8411347835615857,0.8411666666666666,0.8281430086362377,0.8286666666666667,0.8535219092358164,0.8535,0.8502805448424361,0.85,0.8483931280855112,0.8478333333333333,0.855086401622135,0.8411347835615857,0.009145761280850428,-0.0018874167569249423
cifar10,symmetric_40,symmetric,4,40.10416666666667,0.8090846299168885,0.8091666666666667,0.8299180268844223,0.8296666666666667,0.8221548413516047,0.8225,0.8400495517030512,0.8398333333333333,0.8384503515004604,0.8378333333333333,0.836991759542015,0.8363333333333334,0.8457848134240411,0.8299180268844223,0.008532324616038145,-0.0014585919584454432
fmnist,asymmetric_10,asymmetric,0,10.291666666666668,0.8672177456332795,0.8690277777777777,0.8982877928727525,0.89875,0.8665250668250997,0.8688888888888889,0.8941915572968808,0.8952777777777777,0.8933073668212147,0.8934722222222222,0.8962252713480172,0.8963888888888889,0.9318562325405365,0.8982877928727525,-0.004980426051537812,0.0029179045268025172
fmnist,asymmetric_10,asymmetric,1,10.142361111111112,0.8541270603978713,0.85625,0.890044449376599,0.8906944444444445,0.8553617488232629,0.8583333333333333,0.886382782859846,0.8875,0.8851963446145383,0.8855555555555555,0.8852687227717793,0.8855555555555555,0.9290185795935108,0.890044449376599,-0.0048481047620606565,7.237815724092656e-05
fmnist,asymmetric_10,asymmetric,2,10.03125,0.858544458088067,0.86125,0.8883819374642032,0.8890277777777778,0.8553682300497542,0.8591666666666666,0.885340514447319,0.8863888888888889,0.8860132897355577,0.8863888888888889,0.8847203133889858,0.8851388888888889,0.9242217870483987,0.8883819374642032,-0.0023686477286455343,-0.0012929763465718835
fmnist,asymmetric_10,asymmetric,3,9.78125,0.8552722885226052,0.8570833333333333,0.8876165304132948,0.8877777777777778,0.8568147488196944,0.8588888888888889,0.8834145645638175,0.8840277777777777,0.8874699682701127,0.8870833333333333,0.8873329894226574,0.8870833333333333,0.9266271050423928,0.8876165304132948,-0.00014656214318209404,-0.00013697884745533795
fmnist,asymmetric_10,asymmetric,4,10.322916666666666,0.8591602349438545,0.8608333333333333,0.8955222894898871,0.8956944444444445,0.8638127913498428,0.8659722222222223,0.8910190525987565,0.8915277777777778,0.892416842935608,0.8922222222222222,0.8921066508105522,0.8919444444444444,0.9240442002883361,0.8955222894898871,-0.0031054465542791343,-0.00031019212505578597
fmnist,asymmetric_20,asymmetric,0,20.118055555555557,0.8679473323631098,0.8695833333333334,0.8859217754653346,0.88625,0.8664079492502719,0.8684722222222222,0.8870670246264177,0.8879166666666667,0.879475253770179,0.8793055555555556,0.8819543480679121,0.8818055555555555,0.9191945759006064,0.8859217754653346,-0.006446521695155583,0.0024790942977330754
fmnist,asymmetric_20,asymmetric,1,19.88888888888889,0.8551192980983725,0.8573611111111111,0.8778750086630918,0.8784722222222222,0.8521241830418063,0.8552777777777778,0.8786769052078938,0.8797222222222222,0.8675527618096999,0.8673611111111111,0.8719290703418524,0.8719444444444444,0.9199464032346808,0.8778750086630918,-0.010322246853391892,0.00437630853215254
fmnist,asymmetric_20,asymmetric,2,19.49652777777778,0.8524437458709674,0.8558333333333333,0.8837646653857452,0.8844444444444445,0.8521218045096518,0.8559722222222222,0.8808164237098497,0.8820833333333333,0.8745307488701162,0.8745833333333334,0.8770745455012389,0.8772222222222222,0.9183874929615398,0.8837646653857452,-0.009233916515628993,0.0025437966311226967
fmnist,asymmetric_20,asymmetric,3,20.243055555555557,0.8556136536832127,0.8579166666666667,0.8777544143082734,0.8780555555555556,0.8536233252839569,0.8561111111111112,0.8781563196937953,0.87875,0.8692807194892962,0.8688888888888889,0.8713192150024124,0.8711111111111111,0.9199188362696066,0.8777544143082734,-0.008473694818977195,0.0020384955131161897
fmnist,asymmetric_20,asymmetric,4,19.739583333333332,0.856577544983708,0.8583333333333333,0.8855635940922679,0.8855555555555555,0.860160911158836,0.8623611111111111,0.8886490366340845,0.8888888888888888,0.8778499214832447,0.8775,0.8788373880299778,0.8784722222222222,0.9181784909304485,0.8855635940922679,-0.0077136726090232255,0.0009874665467330956
fmnist,asymmetric_30,asymmetric,0,29.944444444444446,0.8619139992269901,0.8634722222222222,0.851973587873708,0.8525,0.8577690169229492,0.86,0.8745629933900096,0.8755555555555555,0.8453290640367122,0.8448611111111111,0.8484540647410908,0.8493055555555555,0.8943211831390135,0.8619139992269901,-0.016584935190277927,0.0031250007043786
fmnist,asymmetric_30,asymmetric,1,29.569444444444443,0.848637936697395,0.8508333333333333,0.8438906473339447,0.8444444444444444,0.8505702833124964,0.8536111111111111,0.8646489802861907,0.8656944444444444,0.8329199089240242,0.8322222222222222,0.8372677374860462,0.8380555555555556,0.8871496317973434,0.8505702833124964,-0.017650374388472168,0.0043478285620219825
fmnist,asymmetric_30,asymmetric,2,29.944444444444446,0.8465322411897718,0.8498611111111111,0.8390845678513822,0.84,0.8487406864670863,0.8525,0.8643542532125725,0.8658333333333333,0.8334415531663263,0.8325,0.8378337678514441,0.8384722222222222,0.8871365709152673,0.8487406864670863,-0.015299133300760048,0.004392214685117857
fmnist,asymmetric_30,asymmetric,3,29.812499999999996,0.8513098213053988,0.8533333333333334,0.8421305553197677,0.8425,0.8478438914164315,0.8501388888888889,0.8631530717031115,0.86375,0.8366194587450526,0.8352777777777778,0.8431382991650566,0.8427777777777777,0.8888276063743935,0.8513098213053988,-0.01469036256034617,0.006518840420003946
fmnist,asymmetric_30,asymmetric,4,30.01388888888889,0.8543054358644321,0.8561111111111112,0.850287424598925,0.8505555555555555,0.8523298276426189,0.8548611111111111,0.8739080072619135,0.8745833333333334,0.8417478028634257,0.84125,0.8463670044407279,0.8472222222222222,0.885781626073496,0.8543054358644321,-0.01255763300100643,0.004619201577302223
fmnist,asymmetric_40,asymmetric,0,39.75694444444444,0.8218671933880419,0.8231944444444445,0.7138710380995293,0.7141666666666666,0.8181637358678884,0.8197222222222222,0.7739362751514743,0.7745833333333333,0.7634394357188876,0.7630555555555556,0.7649672971880462,0.7670833333333333,0.7730607082902253,0.8218671933880419,-0.05842775766915431,0.00152786146915862
fmnist,asymmetric_40,asymmetric,1,39.89930555555555,0.8008109176795808,0.8027777777777778,0.6988057210568999,0.6990277777777778,0.8043058637003634,0.8068055555555556,0.7509142398498702,0.7515277777777778,0.7472848881745249,0.7468055555555555,0.7484156695409113,0.7504166666666666,0.7568681629255029,0.8043058637003634,-0.05702097552583851,0.0011307813663864463
fmnist,asymmetric_40,asymmetric,2,39.916666666666664,0.7948055332645302,0.7966666666666666,0.7091944234532603,0.7101388888888889,0.8028616509306185,0.8056944444444445,0.7656046136926907,0.7663888888888889,0.7522202758073337,0.7519444444444444,0.7599847101848666,0.7605555555555555,0.7744934287186845,0.8028616509306185,-0.050641375123284704,0.007764434377532825
fmnist,asymmetric_40,asymmetric,3,39.94444444444444,0.8061727020449286,0.8076388888888889,0.7071062308242015,0.7073611111111111,0.8102601262400124,0.8119444444444445,0.7683188046106142,0.7688888888888888,0.7603869193056577,0.7594444444444445,0.7631195604898423,0.7640277777777778,0.7653092664832507,0.8102601262400124,-0.04987320693435471,0.002732641184184592
fmnist,asymmetric_40,asymmetric,4,40.00694444444444,0.8108236921593642,0.8129166666666666,0.7085096591791686,0.7086111111111111,0.8096489809026094,0.8123611111111111,0.7675779748361704,0.7683333333333333,0.749831060801601,0.7505555555555555,0.754788211698767,0.7569444444444444,0.7625217750780675,0.8108236921593642,-0.06099263135776323,0.004957150897165974
fmnist,clean_0,clean,0,0.0,0.8673267433716685,0.8691666666666666,0.9015703225700008,0.9019444444444444,0.8670312806125713,0.8691666666666666,0.8963459130013446,0.8970833333333333,0.8965597004200074,0.8968055555555555,0.8977320206868719,0.8979166666666667,0.9275959915115052,0.9015703225700008,-0.005010622149993371,0.001172320266864424
fmnist,clean_0,clean,1,0.0,0.8589583360542907,0.8611111111111112,0.8936100958543299,0.8943055555555556,0.8577828947811994,0.8604166666666667,0.8905373926111807,0.8915277777777778,0.8926975956507807,0.8931944444444444,0.8922788257847415,0.8927777777777778,0.9271665340607506,0.8936100958543299,-0.0009125002035492713,-0.0004187698660391703
fmnist,clean_0,clean,2,0.0,0.857313171071044,0.8598611111111111,0.8974279640803908,0.8980555555555556,0.8588057390918769,0.8622222222222222,0.891467659162347,0.8925,0.8925579095031116,0.8930555555555556,0.8942584909258701,0.8945833333333333,0.9274219774246708,0.8974279640803908,-0.0048700545772791815,0.0017005814227584182
fmnist,clean_0,clean,3,0.0,0.8566462219574973,0.8583333333333333,0.8917959255316745,0.8919444444444444,0.8561578893482391,0.8584722222222222,0.8866275688590848,0.8872222222222222,0.8886224766027278,0.8886111111111111,0.8893804185837848,0.8893055555555556,0.9288899902639144,0.8917959255316745,-0.003173448928946776,0.0007579419810570531
fmnist,clean_0,clean,4,0.0,0.8643602553391977,0.8656944444444444,0.8981683614265957,0.8983333333333333,0.8620155277812216,0.8643055555555555,0.8950828475214182,0.8955555555555555,0.8956219307369355,0.8955555555555555,0.8959059367728772,0.8958333333333334,0.929091868868012,0.8981683614265957,-0.0025464306896602062,0.0002840060359416974
fmnist,pairflip_40,pairflip,0,23.82638888888889,0.8213241663875281,0.8230555555555555,0.7821706865716319,0.7826388888888889,0.8229788561914535,0.8252777777777778,0.8088334205429586,0.8098611111111111,0.8466697121071238,0.8465277777777778,0.8411225502403319,0.84125,0.8111036284765353,0.8229788561914535,0.023690855915670328,-0.005547161866791939
fmnist,pairflip_40,pairflip,1,23.94097222222222,0.8075301853693144,0.8105555555555556,0.7714959760515855,0.7723611111111112,0.8038830145683091,0.8076388888888889,0.7982210959169362,0.7995833333333333,0.8375725963948467,0.8388888888888889,0.8344823443103853,0.8356944444444444,0.8100066528770201,0.8075301853693144,0.03004241102553229,-0.0030902520844614534
fmnist,pairflip_40,pairflip,2,23.73611111111111,0.8186544053771696,0.8220833333333334,0.7939809552269134,0.7951388888888888,0.8136134187930766,0.8181944444444444,0.8166739613322932,0.8183333333333334,0.8472028591652977,0.8483333333333334,0.8415641462288777,0.8427777777777777,0.823185928899842,0.8186544053771696,0.028548453788128092,-0.005638712936420043
fmnist,pairflip_40,pairflip,3,23.8125,0.8143301340195185,0.8180555555555555,0.7885267827676987,0.7895833333333333,0.8107957354998547,0.815,0.8114090992037426,0.8133333333333334,0.8450774268215078,0.8475,0.8436469761997648,0.8461111111111111,0.8180155868489397,0.8143301340195185,0.03074729280198929,-0.0014304506217429624
fmnist,pairflip_40,pairflip,4,24.065972222222225,0.8086865646100163,0.8125,0.7853403530084373,0.7863888888888889,0.8065333742162532,0.8111111111111111,0.8043014667398201,0.8058333333333333,0.8395176355936578,0.8418055555555556,0.8328019000093476,0.8354166666666667,0.810705035234997,0.8086865646100163,0.030831070983641462,-0.006715735584310156
fmnist,symmetric_10,symmetric,0,10.291666666666668,0.8662149069761812,0.8679166666666667,0.8969377547574302,0.8973611111111112,0.8685222967116909,0.8708333333333333,0.8947213326937231,0.8955555555555555,0.8968905618476637,0.8970833333333333,0.8981342290758112,0.8981944444444444,0.9325861510512947,0.8969377547574302,-4.719290976651358e-05,0.0012436672281475047
fmnist,symmetric_10,symmetric,1,10.142361111111112,0.8562758257201052,0.8583333333333333,0.8896493283140273,0.8902777777777777,0.8547231824856432,0.8579166666666667,0.8846776292470919,0.8856944444444445,0.8891042794505998,0.8893055555555556,0.8889799466863707,0.8890277777777778,0.9278346011066533,0.8896493283140273,-0.0005450488634275441,-0.0001243327642290737
fmnist,symmetric_10,symmetric,2,10.03125,0.8575995404333454,0.8602777777777778,0.8893706634751426,0.8901388888888889,0.8550794317240836,0.8586111111111111,0.8854313079033311,0.8866666666666667,0.888544159577131,0.8890277777777778,0.8887235476535276,0.8888888888888888,0.9245308970590408,0.8893706634751426,-0.0008265038980116435,0.0001793880763966138
fmnist,symmetric_10,symmetric,3,9.78125,0.856293431398376,0.8581944444444445,0.8882550622534259,0.8884722222222222,0.8556027170832967,0.8580555555555556,0.8864778827101745,0.8869444444444444,0.8866888474461572,0.8865277777777778,0.8879140922462181,0.8876388888888889,0.9266236872550001,0.8882550622534259,-0.0015662148072687065,0.0012252448000609206
fmnist,symmetric_10,symmetric,4,10.322916666666666,0.8616351654968906,0.8633333333333333,0.8963740999549289,0.8966666666666666,0.8614486092114795,0.8633333333333333,0.8912897014816619,0.8919444444444444,0.8957264928995995,0.8956944444444445,0.8944849712168622,0.8943055555555556,0.9253331755608261,0.8963740999549289,-0.0006476070553294022,-0.0012415216827372788
fmnist,symmetric_20,symmetric,0,20.118055555555557,0.8682322354029612,0.8698611111111111,0.890981827185948,0.89125,0.8656405770365486,0.8680555555555556,0.8884756982811476,0.8893055555555556,0.8915871934549209,0.8913888888888889,0.8901371860735925,0.8897222222222222,0.9266669614261751,0.890981827185948,0.0006053662689728956,-0.0014500073813283887
fmnist,symmetric_20,symmetric,1,19.88888888888889,0.853836715428914,0.8559722222222222,0.8825168647102478,0.8829166666666667,0.8573952738075181,0.8602777777777778,0.879696617942298,0.8806944444444444,0.8830242428824147,0.8831944444444444,0.8820373304141762,0.8820833333333333,0.9239334847214399,0.8825168647102478,0.0005073781721668391,-0.0009869124682384545
fmnist,symmetric_20,symmetric,2,19.49652777777778,0.8566496589716335,0.8588888888888889,0.8879275993202848,0.8888888888888888,0.8563263348246657,0.8591666666666666,0.8815475075217529,0.8830555555555556,0.8868303559695155,0.8872222222222222,0.8865654543291013,0.8868055555555555,0.9205217740972018,0.8879275993202848,-0.001097243350769217,-0.00026490164041426123
fmnist,symmetric_20,symmetric,3,20.243055555555557,0.8536398119606645,0.8555555555555555,0.8798988181810067,0.8804166666666666,0.8565697837967999,0.85875,0.8781256442684603,0.8790277777777777,0.8805189325994982,0.8805555555555555,0.8829643623714821,0.8827777777777778,0.9263081698261658,0.8798988181810067,0.0006201144184915242,0.00244542977198392
fmnist,symmetric_20,symmetric,4,19.739583333333332,0.8588102714752335,0.8604166666666667,0.8895293124624004,0.89,0.8621401450153232,0.8640277777777777,0.8891481466390967,0.89,0.8901699827908767,0.8901388888888889,0.8920269990948453,0.8916666666666667,0.9239421812674592,0.8895293124624004,0.000640670328476256,0.0018570163039686172
fmnist,symmetric_30,symmetric,0,29.944444444444446,0.8672296507330977,0.8686111111111111,0.8855925759630082,0.8858333333333334,0.866549513962991,0.8683333333333333,0.8861328894270573,0.8868055555555555,0.8855082111119614,0.8852777777777778,0.8861786059805216,0.8856944444444445,0.9153521628547491,0.8855925759630082,-8.436485104679203e-05,0.0006703948685601313
fmnist,symmetric_30,symmetric,1,29.569444444444443,0.857814270279806,0.8597222222222223,0.8777362741270457,0.8784722222222222,0.8531513056241007,0.8558333333333333,0.877854006206977,0.8791666666666667,0.876986567403228,0.8770833333333333,0.877338623357217,0.8770833333333333,0.9144076302963202,0.8777362741270457,-0.0007497067238176891,0.0003520559539890167
fmnist,symmetric_30,symmetric,2,29.944444444444446,0.8563821845324778,0.8591666666666666,0.8797060961173786,0.8802777777777778,0.8561580759642121,0.8594444444444445,0.8794120769398998,0.8806944444444444,0.8805706779006712,0.8806944444444444,0.8799786443569297,0.8795833333333334,0.9139274662627118,0.8797060961173786,0.0008645817832926284,-0.0005920335437414881
fmnist,symmetric_30,symmetric,3,29.812499999999996,0.8551367482414761,0.8569444444444444,0.877783992634346,0.8781944444444445,0.8528079746048792,0.855,0.8789234663138015,0.8797222222222222,0.8796709220728257,0.8794444444444445,0.8785925893328118,0.8780555555555556,0.9198241936480396,0.877783992634346,0.0018869294384796786,-0.0010783327400138987
fmnist,symmetric_30,symmetric,4,30.01388888888889,0.865354626180844,0.8665277777777778,0.8836774370733755,0.8841666666666667,0.8637563121959115,0.8655555555555555,0.885147083106391,0.8858333333333334,0.884522257974532,0.8844444444444445,0.8846557965980878,0.8843055555555556,0.9204445479670356,0.8836774370733755,0.0008448209011564511,0.0001335386235558067
fmnist,symmetric_40,symmetric,0,39.75694444444444,0.8605078935888958,0.8618055555555556,0.8695092697903221,0.8697222222222222,0.8602483739903389,0.8622222222222222,0.8758040146274068,0.8766666666666667,0.8738118964064586,0.8734722222222222,0.8746292578515391,0.8740277777777777,0.9079416225065556,0.8695092697903221,0.004302626616136562,0.0008173614450804889
fmnist,symmetric_40,symmetric,1,39.89930555555555,0.8496205453117739,0.8515277777777778,0.8646599438856853,0.8652777777777778,0.8504052265282942,0.8534722222222222,0.8706511902057438,0.8719444444444444,0.8696076117114304,0.8695833333333334,0.8676476023409929,0.8669444444444444,0.9018976004920933,0.8646599438856853,0.004947667825745072,-0.001960009370437499
fmnist,symmetric_40,symmetric,2,39.916666666666664,0.8504850842075277,0.8531944444444445,0.8661971482704489,0.8672222222222222,0.8510504649992695,0.8538888888888889,0.8694611470583953,0.8708333333333333,0.8681918047906608,0.8684722222222222,0.8700269853201187,0.8695833333333334,0.9060486490839081,0.8661971482704489,0.0019946565202119126,0.0018351805294578583
fmnist,symmetric_40,symmetric,3,39.94444444444444,0.8557578009792695,0.8577777777777778,0.8688437578905719,0.8693055555555556,0.8495289347189683,0.8523611111111111,0.870957963899371,0.8720833333333333,0.8722250414124669,0.8720833333333333,0.8730985898988328,0.8723611111111111,0.9069074832347678,0.8688437578905719,0.00338128352189504,0.0008735484863658938
fmnist,symmetric_40,symmetric,4,40.00694444444444,0.8600366849180403,0.8616666666666667,0.8744137009163426,0.875,0.8560325803497226,0.8579166666666667,0.8782441334271972,0.8793055555555556,0.8766010952724901,0.8768055555555555,0.8778609870527532,0.8776388888888889,0.9049449408382545,0.8744137009163426,0.002187394356147454,0.0012598917802630893
