domain,noise_type,noise_level,fold,actual_noise_pct,runtime_seconds,kappa_RF_XGB,kappa_RF_ET,kappa_XGB_ET,kappa_mean,full_agreement_rate,f1_RF,f1_XGB,f1_ET
Tabular,symmetric,0.0,0,0.0,52.38961172103882,0.9090375646432263,0.9321763262052551,0.8919025644570613,0.9110388184351809,0.9177,0.8452537395730595,0.8877325141516378,0.8526017490820355
Tabular,symmetric,0.0,1,0.0,53.97776699066162,0.9092345916852085,0.9410030543193652,0.8925067472045303,0.9142481310697014,0.9208,0.8509447668577529,0.8849035583492019,0.8559973308629699
Tabular,symmetric,0.0,2,0.0,54.735716819763184,0.9142772999625686,0.9384932955397713,0.8955390897816293,0.9161032284279896,0.9222,0.8484052926420247,0.8782810157697228,0.8531005339902897
Tabular,symmetric,0.0,3,0.0,55.03908371925354,0.9068260085847172,0.9380119047855461,0.8887485290708046,0.9111954808136892,0.91795,0.8569060621514389,0.8911370692030793,0.8594196980592825
Tabular,symmetric,0.0,4,0.0,52.95193648338318,0.9092282515938217,0.9350676116348576,0.8907780393367841,0.9116913008551545,0.91845,0.8598930829548894,0.8952825411862282,0.8660564954147013
Tabular,symmetric,0.1,0,10.13875,64.23583793640137,0.8991695293624713,0.9055187902455979,0.8513598432247841,0.885349387610951,0.8937,0.8399252944945141,0.8506438357001207,0.7591045240118015
Tabular,symmetric,0.1,1,9.936250000000001,66.18908739089966,0.9029968294156826,0.9138968857013535,0.8604626624491183,0.8924521258553848,0.9001,0.8335886601538657,0.8493762439098297,0.7668732672009374
Tabular,symmetric,0.1,2,10.19375,68.27511715888977,0.90102072118253,0.9142781734737672,0.8620350054082436,0.8924446333548469,0.8995,0.8313919045634798,0.8483266845555749,0.7675587489330337
Tabular,symmetric,0.1,3,10.08375,64.55236744880676,0.8963274039638884,0.9107028337386829,0.8500892696202159,0.8857065024409291,0.89365,0.8328944758846443,0.8503349984425604,0.7632514998736504
Tabular,symmetric,0.1,4,10.10875,67.80417490005493,0.895540033780077,0.902369331498662,0.8503881315630041,0.882765832280581,0.8912,0.8385192873699321,0.8461229996216352,0.774734720360513
Tabular,symmetric,0.2,0,19.885,68.82885599136353,0.8768140062877157,0.873290474432545,0.8093499615103853,0.8531514807435486,0.8615,0.7916574242204801,0.8093230355973482,0.6886693857987484
Tabular,symmetric,0.2,1,20.07125,68.86271095275879,0.8788792092050127,0.873637163064381,0.804497856526524,0.852338076265306,0.8605,0.7946633536250324,0.805622467231001,0.6931343792383344
Tabular,symmetric,0.2,2,19.92625,67.86132574081421,0.8799352105998204,0.8762399384339873,0.8138948770079126,0.8566900086805734,0.86455,0.7878989610314591,0.7979525532188434,0.6921302120271156
Tabular,symmetric,0.2,3,20.09,71.83645105361938,0.8768905711749367,0.8738434771718735,0.8054762765555337,0.8520701083007812,0.86065,0.796208696827567,0.8062576106687824,0.6887997030906056
Tabular,symmetric,0.2,4,20.01875,66.98166561126709,0.8781363891246302,0.8688587149365369,0.8038255356858404,0.8502735465823358,0.8589,0.7986903785803484,0.8157095923146561,0.7027968998994208
Tabular,symmetric,0.3,0,29.898750000000003,72.18070459365845,0.8394486504997375,0.8329341492234551,0.7385706689320559,0.8036511562184162,0.8105,0.7333746097684856,0.7591665024598545,0.6175991039108519
Tabular,symmetric,0.3,1,30.056250000000002,72.63853478431702,0.8476198732799742,0.8399559577825672,0.7535231152786083,0.8136996487803833,0.8206,0.7379787785412182,0.7506485664520727,0.6279101447974295
Tabular,symmetric,0.3,2,30.03125,69.83733081817627,0.8435961952949135,0.8353381563270552,0.7471359498151209,0.8086901004790299,0.81555,0.7296645919277959,0.7436419851659605,0.6213127059375968
Tabular,symmetric,0.3,3,29.983749999999997,71.77065205574036,0.8453851286527887,0.8371644306400944,0.74775618328605,0.8101019141929777,0.81735,0.721052402149852,0.7380834959970575,0.6166336881103742
Tabular,symmetric,0.3,4,30.051250000000003,69.53970074653625,0.84530562535865,0.8372539982467708,0.7487706747447431,0.810443432783388,0.8173,0.7235481714883135,0.7474185236473655,0.6229192853440318
Tabular,symmetric,0.4,0,40.082499999999996,75.29057693481445,0.7851879562466415,0.8059101252000069,0.6804660772737077,0.7571880529067854,0.75725,0.644497044545132,0.667189781900979,0.5483694836415133
Tabular,symmetric,0.4,1,39.9325,71.41274809837341,0.7922534458807651,0.8125641541781381,0.6823830715511825,0.7624002238700286,0.76315,0.651346331509208,0.6688882382043324,0.553042810674807
Tabular,symmetric,0.4,2,40.21125,71.89103412628174,0.7959849390831982,0.8022771424105775,0.6785174971581979,0.7589265262173246,0.7589,0.646945915567861,0.6709882868921241,0.5453189706491534
Tabular,symmetric,0.4,3,40.08875,75.82198095321655,0.7914147844786353,0.8154152337573389,0.6829821021699495,0.7632707068019746,0.76405,0.6525907767970808,0.6719909630695791,0.5552003573894363
Tabular,symmetric,0.4,4,39.975,71.34681582450867,0.7910537636411954,0.8006133239283246,0.6789022428750817,0.7568564434815338,0.7584,0.6501230939588127,0.6580287707498886,0.5485023402552301
Tabular,asymmetric,0.0,0,0.0,53.743674993515015,0.9090375646432263,0.9321763262052551,0.8919025644570613,0.9110388184351809,0.9177,0.8452537395730595,0.8877325141516378,0.8526017490820355
Tabular,asymmetric,0.0,1,0.0,52.487460136413574,0.9092345916852085,0.9410030543193652,0.8925067472045303,0.9142481310697014,0.9208,0.8509447668577529,0.8849035583492019,0.8559973308629699
Tabular,asymmetric,0.0,2,0.0,53.753488063812256,0.9142772999625686,0.9384932955397713,0.8955390897816293,0.9161032284279896,0.9222,0.8484052926420247,0.8782810157697228,0.8531005339902897
Tabular,asymmetric,0.0,3,0.0,52.683037996292114,0.9068260085847172,0.9380119047855461,0.8887485290708046,0.9111954808136892,0.91795,0.8569060621514389,0.8911370692030793,0.8594196980592825
Tabular,asymmetric,0.0,4,0.0,54.380430459976196,0.9092282515938217,0.9350676116348576,0.8907780393367841,0.9116913008551545,0.91845,0.8598930829548894,0.8952825411862282,0.8660564954147013
Tabular,asymmetric,0.1,0,10.13875,59.54676961898804,0.8905309727512721,0.906749405303872,0.8507469901408719,0.8826757893986721,0.8916,0.8303340270574286,0.8397965746229802,0.7963369564689724
Tabular,asymmetric,0.1,1,9.936250000000001,58.70951819419861,0.8963673245261023,0.9113172283557502,0.85822608537183,0.8886368794178942,0.8974,0.8316079963627706,0.8373779798764146,0.801193267158017
Tabular,asymmetric,0.1,2,10.19375,58.85576820373535,0.8939827653053898,0.9171777460002566,0.8611451771481466,0.890768562817931,0.89885,0.8343496101794436,0.842049046170881,0.8011831270469468
Tabular,asymmetric,0.1,3,10.08375,59.32057571411133,0.8985583412848035,0.911675677488009,0.8534154400501495,0.8878831529409874,0.8964,0.8344566529016083,0.8437494135719559,0.7879072916663955
Tabular,asymmetric,0.1,4,10.10875,58.80660057067871,0.8929416477468858,0.9056018222649787,0.8539397083627056,0.8841610594581901,0.8929,0.8380924240008474,0.853792252635521,0.8093517399166217
Tabular,asymmetric,0.2,0,19.885,61.85459923744202,0.8588933657940617,0.8751680180524901,0.7955147806007865,0.8431920548157795,0.8541,0.7776634028646018,0.7737474529304355,0.7241066509144068
Tabular,asymmetric,0.2,1,20.07125,61.62387299537659,0.8557605601829569,0.8731641296572551,0.792672082763221,0.8405322575344777,0.8511,0.7852243874226897,0.7860291248059699,0.7235893546712158
Tabular,asymmetric,0.2,2,19.92625,63.48424530029297,0.8554744743305129,0.8716264571288599,0.7960855287052824,0.8410621533882184,0.8513,0.7688675706301863,0.7689508606836333,0.7133607945110852
Tabular,asymmetric,0.2,3,20.09,62.51493310928345,0.8557337754078151,0.8732043790116926,0.788577994640397,0.8391720496866348,0.84955,0.7780220023803306,0.7730024992978662,0.7190375552576763
Tabular,asymmetric,0.2,4,20.01875,65.97353982925415,0.8531763947236147,0.8683717152067565,0.789479049331117,0.8370090530871628,0.8483,0.787778552085851,0.7815639630596368,0.7291339968647803
Tabular,asymmetric,0.3,0,29.898750000000003,64.4150595664978,0.7758392776297794,0.8158420025767366,0.6974778637830216,0.7630530479965126,0.77295,0.671301854411214,0.6619082887098123,0.6249195276328982
Tabular,asymmetric,0.3,1,30.056250000000002,67.14494061470032,0.7789596311191316,0.8228915720916548,0.6970526138149769,0.766301272341921,0.77555,0.6875944642363884,0.672802309075332,0.6364883268826754
Tabular,asymmetric,0.3,2,30.03125,63.407665729522705,0.7757941931993693,0.8232905297300395,0.6944243247232689,0.7645030158842259,0.77435,0.6767694731117484,0.6634495842453579,0.6338842129120996
Tabular,asymmetric,0.3,3,29.983749999999997,65.00586080551147,0.7732980886465841,0.8236005343484156,0.6889334296755889,0.7619440175568629,0.77155,0.6611908366554571,0.6487603727767283,0.6281987546658107
Tabular,asymmetric,0.3,4,30.051250000000003,63.21670174598694,0.7774540414215712,0.8206395543386223,0.6928962535928269,0.7636632831176735,0.774,0.6744831446686729,0.6676870731422444,0.6308072330855339
Tabular,asymmetric,0.4,0,40.082499999999996,64.8563723564148,0.6857230482294577,0.7780079403784825,0.5983585938088912,0.6873631941389439,0.68755,0.5449397855730371,0.5266695870046195,0.5340567605539777
Tabular,asymmetric,0.4,1,39.9325,64.28774642944336,0.6796907538974377,0.7833728219729568,0.5974343466197505,0.6868326408300484,0.6873,0.5304333466063726,0.5248767361284833,0.5282550525222455
Tabular,asymmetric,0.4,2,40.21125,64.3141508102417,0.6874144804803066,0.7834596738404969,0.6066359638114709,0.6925033727107581,0.69165,0.5535487198752017,0.5468152995581086,0.5430277546460355
Tabular,asymmetric,0.4,3,40.08875,63.909613609313965,0.6967405293014987,0.7862152037327098,0.6106163565793874,0.6978573632045318,0.6973,0.5476709358048378,0.5368652532062924,0.5331370453954504
Tabular,asymmetric,0.4,4,39.975,63.87829804420471,0.6812001530856646,0.7794905397126598,0.5990450951213799,0.6865785959732348,0.6854,0.5373010496640217,0.5331747943099441,0.5301950871975769
Tabular,pairflip,0.4,0,24.610000000000003,60.82078170776367,0.7799100612693683,0.8641136452465867,0.7426421402194343,0.7955552822451297,0.79035,0.6911676428212282,0.6874203641160325,0.6678328820770759
Tabular,pairflip,0.4,1,24.456249999999997,60.918267250061035,0.7735817876354645,0.863005098746205,0.7414072874012337,0.7926647245943012,0.78985,0.6869145411073231,0.6803468057856276,0.668475826347711
Tabular,pairflip,0.4,2,24.77,60.66994595527649,0.768898263735341,0.8698726872809301,0.7440669136695761,0.7942792882286157,0.79,0.692254053274174,0.6876058378645321,0.6772057045631665
Tabular,pairflip,0.4,3,24.54,60.62140202522278,0.7717613036910177,0.8599423115880107,0.7437264371242573,0.7918100174677619,0.78725,0.6994360182433726,0.6874052200243164,0.6701879554453638
Tabular,pairflip,0.4,4,24.52875,60.71025896072388,0.771930552396631,0.8586158090058637,0.737212518113655,0.7892529598387165,0.78465,0.6900858245734077,0.6949578674901993,0.6684939418944396
Image,symmetric,0.0,0,0.0,78.56957769393921,0.9333464683574935,0.9604776958857345,0.9316279993077542,0.9418173878503273,0.9231481481481482,0.9037211471257974,0.935658654021686,0.9038806465652
Image,symmetric,0.0,1,0.0,82.49764037132263,0.9395186950700269,0.9590994799387914,0.9408881040491563,0.946502093019325,0.9302469135802469,0.9107144278188934,0.9381876533583078,0.9104459843819166
Image,symmetric,0.0,2,0.0,80.98623609542847,0.9408830687084752,0.9632145445794454,0.9377868040638656,0.9472948057839288,0.9299382716049382,0.9098141499402914,0.9394035667132836,0.9100692565656899
Image,symmetric,0.0,3,0.0,81.18642520904541,0.9316086426666138,0.9590821479261645,0.9292014596311802,0.9399640834079861,0.9203703703703704,0.8920407741588887,0.9280885584118452,0.8951958776208103
Image,symmetric,0.0,4,0.0,81.73164319992065,0.9254040296762691,0.955975139201871,0.9264272702114908,0.9359354796965437,0.9154320987654321,0.8954820501867667,0.9329371477785688,0.8993355626881107
Image,symmetric,0.1,0,10.339506172839506,104.142333984375,0.928535366308739,0.9553315724018262,0.9237264114479098,0.9358644500528249,0.9157407407407407,0.9022961018477187,0.935482975333579,0.8954580497351401
Image,symmetric,0.1,1,10.501543209876543,103.98733854293823,0.935055018059363,0.9546435529216878,0.9336785375423895,0.9411257028411467,0.9228395061728395,0.9102094853954812,0.9343657330278144,0.9085806404095742
Image,symmetric,0.1,2,10.123456790123457,102.8063292503357,0.9333217917318003,0.964592286631445,0.9329794475609792,0.9436311753080749,0.9253086419753086,0.9062203684620812,0.9392334562742685,0.9097055075038536
Image,symmetric,0.1,3,9.62962962962963,102.08313226699829,0.9302261264605312,0.9528891032330209,0.9271284516992062,0.936747893797586,0.9169753086419753,0.8917735991370339,0.9236979391443819,0.8928169175242868
Image,symmetric,0.1,4,10.154320987654321,100.94346213340759,0.9281679441866326,0.9573591363484494,0.9281604988408672,0.937895859791983,0.9179012345679012,0.8966231531533216,0.9370021706039946,0.9008244756851642
Image,symmetric,0.2,0,20.66358024691358,109.66940069198608,0.9268262503033797,0.9556781134121108,0.9257975223641733,0.9361006286932213,0.9157407407407407,0.9046447703411123,0.9286147044283035,0.8972110032667746
Image,symmetric,0.2,1,20.239197530864196,109.56788516044617,0.9298949962893011,0.957728708297645,0.928524156187955,0.9387159535916337,0.9191358024691358,0.9059553425858884,0.9348524054760006,0.9069586845168363
Image,symmetric,0.2,2,19.405864197530864,105.80481171607971,0.936425240261469,0.9577275469757567,0.9316187683763424,0.9419238518711893,0.9237654320987654,0.9088805853223073,0.9341209612967967,0.9074626845260895
Image,symmetric,0.2,3,19.945987654320987,108.21646022796631,0.9291936033638767,0.9559968835369966,0.9278215933096855,0.9376706934035196,0.9182098765432098,0.8929368351309235,0.9145231715525355,0.8985755591588148
Image,symmetric,0.2,4,19.33641975308642,108.63768672943115,0.9171348639534112,0.9539149668724018,0.9143924395056248,0.9284807567771459,0.9064814814814814,0.8986694953203,0.9266694611260957,0.8965981971760405
Image,symmetric,0.3,0,30.10030864197531,112.22436285018921,0.9216736593325847,0.950189250102235,0.9216722059433992,0.9311783717927397,0.9098765432098765,0.8991067039738162,0.9255335195259944,0.9011036593482995
Image,symmetric,0.3,1,29.390432098765434,108.91942501068115,0.920281542920363,0.9474306925983981,0.9233646901844819,0.9303589752344142,0.9095679012345679,0.9029648432571481,0.9225299739037783,0.9041053670733286
Image,symmetric,0.3,2,29.791666666666668,109.00591087341309,0.9302446041700516,0.9525760621118671,0.9250925366790134,0.935971067653644,0.9157407407407407,0.9026186719152923,0.9281122802478553,0.9077175788413303
Image,symmetric,0.3,3,29.28240740740741,111.23957133293152,0.92850551792868,0.9508381505374199,0.9195752005713835,0.9329729563458278,0.9123456790123456,0.8961918014750074,0.9221621317665882,0.8898519710074912
Image,symmetric,0.3,4,30.277777777777775,111.78774905204773,0.9226312999374364,0.9525412186182098,0.9195284299764878,0.9315669828440446,0.9108024691358024,0.8993632933638557,0.9152125464817832,0.8941192294637494
Image,symmetric,0.4,0,39.513888888888886,113.84427332878113,0.9123693123313836,0.9419351390604428,0.9116957339647871,0.9220000617855378,0.8981481481481481,0.8985318503830557,0.9116538155752331,0.8964923769756783
Image,symmetric,0.4,1,40.08487654320987,110.53659844398499,0.9110062290125038,0.9450184358996523,0.9061841938630895,0.9207362862584153,0.8975308641975308,0.8974427661212083,0.9072770502175416,0.9004166014716644
Image,symmetric,0.4,2,39.41358024691358,113.22882080078125,0.9137480189375937,0.9477545644208669,0.9161584145269419,0.9258869992951343,0.904320987654321,0.9031750506540763,0.9182188974237292,0.9093958422449504
Image,symmetric,0.4,3,39.96141975308642,113.35843777656555,0.9013195805307485,0.9370731567535556,0.8995975752636137,0.9126634375159726,0.8858024691358025,0.886699187598345,0.9040162750642956,0.8823752986965999
Image,symmetric,0.4,4,40.223765432098766,113.84893012046814,0.9037297607792796,0.9363917639113568,0.902371358700271,0.9141642944636358,0.8904320987654321,0.8911344661707125,0.9058339913389031,0.893524249983496
Image,asymmetric,0.0,0,0.0,76.52974915504456,0.9333464683574935,0.9604776958857345,0.9316279993077542,0.9418173878503273,0.9231481481481482,0.9037211471257974,0.935658654021686,0.9038806465652
Image,asymmetric,0.0,1,0.0,80.31182050704956,0.9395186950700269,0.9590994799387914,0.9408881040491563,0.946502093019325,0.9302469135802469,0.9107144278188934,0.9381876533583078,0.9104459843819166
Image,asymmetric,0.0,2,0.0,80.16787910461426,0.9408830687084752,0.9632145445794454,0.9377868040638656,0.9472948057839288,0.9299382716049382,0.9098141499402914,0.9394035667132836,0.9100692565656899
Image,asymmetric,0.0,3,0.0,79.86646270751953,0.9316086426666138,0.9590821479261645,0.9292014596311802,0.9399640834079861,0.9203703703703704,0.8920407741588887,0.9280885584118452,0.8951958776208103
Image,asymmetric,0.0,4,0.0,79.7413113117218,0.9254040296762691,0.955975139201871,0.9264272702114908,0.9359354796965437,0.9154320987654321,0.8954820501867667,0.9329371477785688,0.8993355626881107
Image,asymmetric,0.1,0,10.339506172839506,99.29928350448608,0.9302519422180842,0.9584183266526605,0.9244100820916265,0.9376934503207903,0.9175925925925926,0.9001195438161067,0.9317332639465221,0.8987663114381927
Image,asymmetric,0.1,1,10.501543209876543,98.76643824577332,0.9326253606570682,0.9522165672999878,0.9309047138827691,0.9385822139466083,0.9197530864197531,0.9069589415728331,0.9284583082739332,0.906519831909994
Image,asymmetric,0.1,2,10.123456790123457,98.50614023208618,0.9388145932160288,0.9601210501838767,0.9367520631223237,0.9452292355074098,0.9277777777777778,0.9104146053530755,0.9316261110193389,0.9117757576931768
Image,asymmetric,0.1,3,9.62962962962963,98.22908163070679,0.9315968376427453,0.9522109847459492,0.9285122524814179,0.9374400249567042,0.9175925925925926,0.8918008114866709,0.921784611645943,0.8915811162679448
Image,asymmetric,0.1,4,10.154320987654321,98.72926640510559,0.9298571280454434,0.9590645361029643,0.9302113120659561,0.9397109920714546,0.9206790123456791,0.8951646603664413,0.937504878180054,0.8987463709010169
Image,asymmetric,0.2,0,20.66358024691358,102.86667728424072,0.9140949232008614,0.9529105638065679,0.9120357108882426,0.9263470659652239,0.904320987654321,0.8928688337798644,0.9180865550842816,0.8961139423028145
Image,asymmetric,0.2,1,20.239197530864196,103.24202537536621,0.9192288915730084,0.9549635726352453,0.9209410518574503,0.9317111720219012,0.9098765432098765,0.8933371474683401,0.9116878991034708,0.8947544455545401
Image,asymmetric,0.2,2,19.405864197530864,98.87884879112244,0.9257380119319609,0.9539242790055982,0.9250569616747719,0.9349064175374436,0.9145061728395062,0.9065233801463954,0.9284503885279467,0.9057209379398845
Image,asymmetric,0.2,3,19.945987654320987,99.39461970329285,0.9202502069125612,0.9429248771936154,0.9109773963890659,0.9247174934984143,0.9006172839506172,0.8869648394769097,0.9011595071060583,0.8871381161029988
Image,asymmetric,0.2,4,19.33641975308642,102.10563397407532,0.9143716137802731,0.9463391184259474,0.9147160822042207,0.925142271470147,0.9015432098765432,0.8894438226147778,0.9123571252525998,0.8897438203783776
Image,asymmetric,0.3,0,30.10030864197531,101.29432272911072,0.8748773026051951,0.9322548249385626,0.8673412747113524,0.8914911340850367,0.8577160493827161,0.8811052249309433,0.8695173465947231,0.8767043038513526
Image,asymmetric,0.3,1,29.390432098765434,101.93404364585876,0.8748429647241305,0.9360317251393707,0.8703897274404666,0.8937548057679893,0.8604938271604938,0.8791707411214464,0.8706672860305311,0.8785895076599155
Image,asymmetric,0.3,2,29.791666666666668,101.35489773750305,0.8796526865680512,0.935321403102517,0.875882895441813,0.8969523283707937,0.8645061728395061,0.8880036104450383,0.8751747234668483,0.8869059382353914
Image,asymmetric,0.3,3,29.28240740740741,104.39416742324829,0.8768777831122624,0.9363658397304562,0.8793022915944305,0.8975153048123831,0.866358024691358,0.8768076818159157,0.8620334454620473,0.8769714503427999
Image,asymmetric,0.3,4,30.277777777777775,104.94285130500793,0.8565698073011093,0.9373555341150365,0.8496804164120431,0.8812019192760628,0.8438271604938271,0.8792600839150968,0.8507664630972812,0.8723057605126364
Image,asymmetric,0.4,0,39.513888888888886,101.17827129364014,0.7342486693174739,0.8805381457528553,0.7380698768900413,0.7842855639867902,0.7169753086419753,0.8174776643549351,0.7378274057460339,0.8331525263145837
Image,asymmetric,0.4,1,40.08487654320987,101.1775529384613,0.7251712636892315,0.852184185081786,0.7111610221053726,0.7628388236254633,0.6898148148148148,0.7876295191328312,0.7099766567744444,0.8117082946596386
Image,asymmetric,0.4,2,39.41358024691358,101.26707792282104,0.7414302628734945,0.8731670672213905,0.7345557317245133,0.7830510206064661,0.7169753086419753,0.8061073488337392,0.7397603807062669,0.8266135610640264
Image,asymmetric,0.4,3,39.96141975308642,104.70300316810608,0.7330738129039837,0.8672234751110011,0.7334013713921225,0.7778995531357024,0.7104938271604938,0.7998601069919442,0.7047052281150441,0.7977901992633802
Image,asymmetric,0.4,4,40.223765432098766,100.99164271354675,0.7137442638520791,0.8701920317962997,0.7118121238199944,0.7652494731561243,0.6935185185185185,0.8064333188883624,0.7100100876822241,0.8190720774012628
Image,pairflip,0.4,0,22.554012345679013,91.6905825138092,0.813618437433732,0.9118858774235925,0.8074407835835626,0.8443150328136291,0.7975308641975308,0.8627779337675567,0.8187597586798621,0.8646147485686713
Image,pairflip,0.4,1,22.939814814814817,96.69422459602356,0.8112161844052231,0.8874780514335375,0.8036552239051495,0.8341164865813034,0.7839506172839507,0.8508572232180611,0.8121147806983459,0.8646753784529123
Image,pairflip,0.4,2,22.854938271604937,91.55431485176086,0.816401706478521,0.909169923580873,0.8088413425801388,0.8448043242131776,0.799074074074074,0.8557647414120032,0.8144047484427908,0.8603898780219756
Image,pairflip,0.4,3,22.924382716049383,95.52316355705261,0.8015240398947848,0.9004642895069424,0.8015361973928615,0.8345081755981963,0.7842592592592592,0.8348835228166103,0.8107709340360808,0.8441842623463547
Image,pairflip,0.4,4,23.109567901234566,95.52855587005615,0.7988895742059168,0.8988497525505778,0.8033764697457171,0.8337052655007372,0.7842592592592592,0.8411319285392149,0.809787502435643,0.8570052214757593
