dataset,condition,fold,actual_noise_pct,gce_q,f1_GCE_XGB,acc_GCE_XGB,seconds
drybean,asymmetric_10,0,10.257195345988976,0.7,0.929465145355773,0.920440636474908,4.3
drybean,asymmetric_10,1,11.143425684983928,0.7,0.9330638384876982,0.925290875688916,4.2
drybean,asymmetric_10,2,9.918873411908772,0.7,0.928261996442744,0.9142682180036742,4.0
drybean,asymmetric_10,3,9.90356650849533,0.7,0.9325556801327683,0.917942437232088,4.1
drybean,asymmetric_10,4,10.117863156283484,0.7,0.9403987476112786,0.9283527250459276,4.1
drybean,asymmetric_20,0,20.9736680955297,0.7,0.8909581368567397,0.8867809057527539,5.4
drybean,asymmetric_20,1,19.54691565896219,0.7,0.9073617968597182,0.9038579301898346,5.1
drybean,asymmetric_20,2,19.684677789683143,0.7,0.8986861193310033,0.8909981628903858,5.3
drybean,asymmetric_20,3,20.02142966477881,0.7,0.8825249952595879,0.8769136558481323,5.2
drybean,asymmetric_20,4,19.11832236338589,0.7,0.9025918554286092,0.8965094917330068,5.1
drybean,asymmetric_30,0,29.562155541947337,0.7,0.8045680440987205,0.8170134638922889,5.5
drybean,asymmetric_30,1,29.54232358793816,0.7,0.8359591338945551,0.838946723821188,5.6
drybean,asymmetric_30,2,29.710699525486,0.7,0.8141570245318264,0.8205756276791182,5.7
drybean,asymmetric_30,3,29.32802694015001,0.7,0.8091766588375069,0.8156766687078996,5.7
drybean,asymmetric_30,4,30.506658502984845,0.7,0.8374541368212142,0.835272504592774,5.9
drybean,asymmetric_40,0,39.57440293937538,0.7,0.6912564237849981,0.7013463892288861,5.7
drybean,asymmetric_40,1,40.28776978417266,0.7,0.6536898974637845,0.676056338028169,5.8
drybean,asymmetric_40,2,39.55303842032757,0.7,0.7066102266758446,0.7158603796693203,5.7
drybean,asymmetric_40,3,40.31838359099954,0.7,0.6687258850324324,0.6876913655848133,5.7
drybean,asymmetric_40,4,40.303076687586106,0.7,0.701127400906713,0.7085119412124924,5.7
drybean,clean_0,0,0.0,0.7,0.943046724997162,0.9302325581395348,3.1
drybean,clean_0,1,0.0,0.7,0.9407256239080516,0.9308022045315372,3.1
drybean,clean_0,2,0.0,0.7,0.9324629561023964,0.917942437232088,3.1
drybean,clean_0,3,0.0,0.7,0.9326040502257086,0.9167176974892836,3.0
drybean,clean_0,4,0.0,0.7,0.9416427798633152,0.9295774647887324,3.1
drybean,pairflip_40,0,26.454378444580527,0.7,0.8072868071993954,0.7894736842105263,4.3
drybean,pairflip_40,1,27.031991428134088,0.7,0.8050720997101479,0.7758726270667483,4.2
drybean,pairflip_40,2,26.251339354048675,0.7,0.8261620143237532,0.7985303123086344,4.4
drybean,pairflip_40,3,27.093219041787847,0.7,0.7955788210626792,0.769748928352725,4.3
drybean,pairflip_40,4,26.618705035971225,0.7,0.8047885440168844,0.7783221065523577,4.2
drybean,symmetric_10,0,10.257195345988976,0.7,0.9432832614021736,0.9296205630354956,3.4
drybean,symmetric_10,1,11.143425684983928,0.7,0.9424829004451178,0.9338640538885488,3.2
drybean,symmetric_10,2,9.918873411908772,0.7,0.932434572641196,0.9191671769748928,3.2
drybean,symmetric_10,3,9.90356650849533,0.7,0.9321011990143956,0.917942437232088,3.3
drybean,symmetric_10,4,10.117863156283484,0.7,0.9409649486200206,0.9283527250459276,3.2
drybean,symmetric_20,0,20.9736680955297,0.7,0.932970248380196,0.91921664626683,3.7
drybean,symmetric_20,1,19.54691565896219,0.7,0.9332467636811276,0.9222290263319044,3.8
drybean,symmetric_20,2,19.684677789683143,0.7,0.9396507708343592,0.9277403551745256,3.6
drybean,symmetric_20,3,20.02142966477881,0.7,0.9306018314980504,0.9167176974892836,3.8
drybean,symmetric_20,4,19.11832236338589,0.7,0.9399816381288691,0.9277403551745256,3.5
drybean,symmetric_30,0,29.562155541947337,0.7,0.9311549361076688,0.9216646266829864,4.9
drybean,symmetric_30,1,29.54232358793816,0.7,0.9223786857932976,0.9161053276178812,4.8
drybean,symmetric_30,2,29.710699525486,0.7,0.9255352615514176,0.9112063686466626,4.8
drybean,symmetric_30,3,29.32802694015001,0.7,0.9091349197598944,0.8983466013472137,4.9
drybean,symmetric_30,4,30.506658502984845,0.7,0.9328927959713283,0.917330067360686,5.2
drybean,symmetric_40,0,39.57440293937538,0.7,0.9075636531217884,0.9008567931456548,6.7
drybean,symmetric_40,1,40.28776978417266,0.7,0.912088811390351,0.9075321494182488,6.9
drybean,symmetric_40,2,39.55303842032757,0.7,0.895376552944359,0.8916105327617881,6.4
drybean,symmetric_40,3,40.31838359099954,0.7,0.8920634851228525,0.8909981628903858,6.8
drybean,symmetric_40,4,40.303076687586106,0.7,0.919274268862858,0.913655848132272,6.7
pendigits,asymmetric_10,0,10.502369668246446,0.7,0.9738420343826067,0.973464746019712,6.8
pendigits,asymmetric_10,1,10.881516587677725,0.7,0.9796465189280036,0.979529946929492,6.9
pendigits,asymmetric_10,2,9.990521327014218,0.7,0.9727886573109245,0.9727065959059894,6.7
pendigits,asymmetric_10,3,10.19905213270142,0.7,0.9726121000713844,0.9727065959059894,6.7
pendigits,asymmetric_10,4,10.29188779378317,0.7,0.9706538950325534,0.9704097116843704,6.8
pendigits,asymmetric_20,0,20.81516587677725,0.7,0.9311179175407498,0.931008339651251,8.6
pendigits,asymmetric_20,1,19.696682464454977,0.7,0.929037006120508,0.9287338893100834,8.6
pendigits,asymmetric_20,2,19.77251184834123,0.7,0.9340860183630202,0.934040940106141,8.5
pendigits,asymmetric_20,3,20.132701421800945,0.7,0.9104119114226672,0.910538286580743,8.5
pendigits,asymmetric_20,4,19.446550416982564,0.7,0.9180723580968854,0.9180576631259484,8.4
pendigits,asymmetric_30,0,29.6872037914692,0.7,0.8296627875873046,0.8301743745261562,8.9
pendigits,asymmetric_30,1,29.497630331753555,0.7,0.841506550653292,0.8407884761182715,9.1
pendigits,asymmetric_30,2,29.87677725118484,0.7,0.8279496638926007,0.8278999241849886,9.0
pendigits,asymmetric_30,3,29.459715639810423,0.7,0.8202667077973823,0.8203184230477635,8.9
pendigits,asymmetric_30,4,30.81880212282032,0.7,0.8187867471108368,0.8194233687405159,9.1
pendigits,asymmetric_40,0,39.29857819905213,0.7,0.6726437221012036,0.6724791508718726,9.4
pendigits,asymmetric_40,1,40.37914691943128,0.7,0.635746371445342,0.6368460955269143,9.3
pendigits,asymmetric_40,2,39.65876777251185,0.7,0.6918444623956893,0.6921910538286581,9.4
pendigits,asymmetric_40,3,40.60663507109005,0.7,0.6860071326628262,0.6868840030326004,9.3
pendigits,asymmetric_40,4,39.992418498862776,0.7,0.6758500127502429,0.6760242792109257,9.2
pendigits,clean_0,0,0.0,0.7,0.990984433501317,0.9909021986353298,4.5
pendigits,clean_0,1,0.0,0.7,0.9969617256764892,0.99696739954511,4.7
pendigits,clean_0,2,0.0,0.7,0.9902295413692016,0.9901440485216072,4.6
pendigits,clean_0,3,0.0,0.7,0.9908246617962376,0.9909021986353298,4.6
pendigits,clean_0,4,0.0,0.7,0.9880998978976444,0.9878603945371776,4.5
pendigits,pairflip_40,0,24.0,0.7,0.8049963096365949,0.8051554207733131,7.6
pendigits,pairflip_40,1,23.81042654028436,0.7,0.7806741191231404,0.7816527672479151,7.5
pendigits,pairflip_40,2,23.658767772511847,0.7,0.8020320059685655,0.8028809704321456,7.3
pendigits,pairflip_40,3,24.113744075829384,0.7,0.8093051153832406,0.8089461713419257,7.4
pendigits,pairflip_40,4,23.71114480667172,0.7,0.805129776358595,0.8050075872534143,7.4
pendigits,symmetric_10,0,10.502369668246446,0.7,0.9872515647863954,0.9871114480667172,5.2
pendigits,symmetric_10,1,10.881516587677725,0.7,0.9902347750007532,0.9901440485216072,5.1
pendigits,symmetric_10,2,9.990521327014218,0.7,0.9818830670928224,0.9818043972706596,5.2
pendigits,symmetric_10,3,10.19905213270142,0.7,0.9908284283416868,0.9909021986353298,5.0
pendigits,symmetric_10,4,10.29188779378317,0.7,0.9841015402953828,0.9840667678300457,5.2
pendigits,symmetric_20,0,20.81516587677725,0.7,0.9803679647458152,0.9802880970432144,6.1
pendigits,symmetric_20,1,19.696682464454977,0.7,0.9894295051647826,0.9893858984078848,5.7
pendigits,symmetric_20,2,19.77251184834123,0.7,0.9819755168218396,0.9818043972706596,5.8
pendigits,symmetric_20,3,20.132701421800945,0.7,0.9755205662912272,0.9757391963608796,6.3
pendigits,symmetric_20,4,19.446550416982564,0.7,0.9742430238769048,0.9742033383915024,5.7
pendigits,symmetric_30,0,29.6872037914692,0.7,0.9624482757786392,0.9628506444275968,7.3
pendigits,symmetric_30,1,29.497630331753555,0.7,0.9734376676868032,0.973464746019712,7.4
pendigits,symmetric_30,2,29.87677725118484,0.7,0.9660174815940576,0.9658832448824868,7.6
pendigits,symmetric_30,3,29.459715639810423,0.7,0.950535146903722,0.9507202426080364,7.7
pendigits,symmetric_30,4,30.81880212282032,0.7,0.9574205701655788,0.9575113808801214,7.8
pendigits,symmetric_40,0,39.29857819905213,0.7,0.924690652370867,0.9249431387414708,9.4
pendigits,symmetric_40,1,40.37914691943128,0.7,0.8945937580230471,0.8946171341925702,9.6
pendigits,symmetric_40,2,39.65876777251185,0.7,0.9053705971224996,0.9052312357846852,9.4
pendigits,symmetric_40,3,40.60663507109005,0.7,0.921475214343934,0.9219105382865808,9.8
pendigits,symmetric_40,4,39.992418498862776,0.7,0.908783403204122,0.9089529590288316,9.5
satimage,asymmetric_10,0,10.038860103626943,0.7,0.8952340784913836,0.9107373868046572,2.0
satimage,asymmetric_10,1,11.006798316607316,0.7,0.8699803686303804,0.8911917098445595,2.1
satimage,asymmetric_10,2,9.841372612495954,0.7,0.8794620222650056,0.8950777202072538,1.9
satimage,asymmetric_10,3,9.906118484946584,0.7,0.8859719382906261,0.905440414507772,1.9
satimage,asymmetric_10,4,10.747814826804792,0.7,0.8902068533559957,0.9080310880829016,2.0
satimage,asymmetric_20,0,21.340673575129536,0.7,0.8424018489674815,0.8602846054333765,2.3
satimage,asymmetric_20,1,20.135966332146328,0.7,0.8279349584789828,0.8510362694300518,2.3
satimage,asymmetric_20,2,19.19715118161217,0.7,0.8472025420541298,0.8626943005181347,2.2
satimage,asymmetric_20,3,20.4920686306248,0.7,0.8507110806751981,0.8756476683937824,2.3
satimage,asymmetric_20,4,19.391388798964066,0.7,0.8528330271527217,0.8769430051813472,2.3
satimage,asymmetric_30,0,29.889896373056995,0.7,0.7613494407827929,0.7800776196636481,2.5
satimage,asymmetric_30,1,29.07089673033344,0.7,0.7596760697399924,0.7901554404145078,2.3
satimage,asymmetric_30,2,29.97733894464228,0.7,0.7778440180905184,0.7966321243523317,2.4
satimage,asymmetric_30,3,28.81191324053092,0.7,0.7893767190667416,0.8095854922279793,2.4
satimage,asymmetric_30,4,30.689543541599225,0.7,0.7548799116796033,0.7797927461139896,2.5
satimage,asymmetric_40,0,38.53626943005181,0.7,0.6686880427504712,0.684346701164295,2.5
satimage,asymmetric_40,1,40.72515377144707,0.7,0.5941665865115641,0.6256476683937824,2.4
satimage,asymmetric_40,2,39.00938815150534,0.7,0.6405862686341023,0.6567357512953368,2.4
satimage,asymmetric_40,3,40.854645516348334,0.7,0.6428310778388714,0.6593264248704663,2.6
satimage,asymmetric_40,4,38.815150534153446,0.7,0.6733122830718238,0.6917098445595855,2.5
satimage,clean_0,0,0.0,0.7,0.9020130596804888,0.9197930142302716,1.4
satimage,clean_0,1,0.0,0.7,0.886553902375486,0.9067357512953368,1.5
satimage,clean_0,2,0.0,0.7,0.90172391874498,0.9158031088082902,1.5
satimage,clean_0,3,0.0,0.7,0.9090911149733664,0.9235751295336788,1.6
satimage,clean_0,4,0.0,0.7,0.9108914551619232,0.9261658031088082,1.4
satimage,pairflip_40,0,19.52720207253886,0.7,0.7606708235756,0.8124191461836999,2.0
satimage,pairflip_40,1,21.68986727096148,0.7,0.6828066392037074,0.7525906735751295,2.0
satimage,pairflip_40,2,20.03884752347038,0.7,0.7351564605223988,0.783678756476684,2.0
satimage,pairflip_40,3,21.560375526060213,0.7,0.7324317454278596,0.7823834196891192,2.1
satimage,pairflip_40,4,20.751052120427325,0.7,0.7531447463856448,0.8069948186528497,2.0
satimage,symmetric_10,0,10.038860103626943,0.7,0.8915772643301735,0.9107373868046572,1.6
satimage,symmetric_10,1,11.006798316607316,0.7,0.8826947049940762,0.9041450777202072,1.7
satimage,symmetric_10,2,9.841372612495954,0.7,0.8894420631821212,0.9028497409326424,1.6
satimage,symmetric_10,3,9.906118484946584,0.7,0.8977641753080832,0.9158031088082902,1.7
satimage,symmetric_10,4,10.747814826804792,0.7,0.9120376825583496,0.927461139896373,1.7
satimage,symmetric_20,0,21.340673575129536,0.7,0.865622843468156,0.888745148771022,2.1
satimage,symmetric_20,1,20.135966332146328,0.7,0.8692084753505851,0.8924870466321243,2.2
satimage,symmetric_20,2,19.19715118161217,0.7,0.873745707505948,0.8886010362694301,2.0
satimage,symmetric_20,3,20.4920686306248,0.7,0.8954828169163745,0.9158031088082902,2.1
satimage,symmetric_20,4,19.391388798964066,0.7,0.9084829172176344,0.9248704663212436,2.1
satimage,symmetric_30,0,29.889896373056995,0.7,0.8606572644217773,0.8835705045278137,2.5
satimage,symmetric_30,1,29.07089673033344,0.7,0.832895068921642,0.8613989637305699,2.5
satimage,symmetric_30,2,29.97733894464228,0.7,0.8542380183128517,0.8756476683937824,2.6
satimage,symmetric_30,3,28.81191324053092,0.7,0.8587978261214105,0.8782383419689119,2.5
satimage,symmetric_30,4,30.689543541599225,0.7,0.8505433084644572,0.8769430051813472,2.7
satimage,symmetric_40,0,38.53626943005181,0.7,0.8160763442642698,0.8344113842173351,2.8
satimage,symmetric_40,1,40.72515377144707,0.7,0.7646436432685965,0.7979274611398963,2.9
satimage,symmetric_40,2,39.00938815150534,0.7,0.8064743429914496,0.8277202072538861,2.8
satimage,symmetric_40,3,40.854645516348334,0.7,0.77923870736202,0.805699481865285,2.9
satimage,symmetric_40,4,38.815150534153446,0.7,0.823489797206046,0.8471502590673575,3.0
shuttle,asymmetric_10,0,10.158333333333331,0.7,0.93402503548845,0.9981666666666666,2.2
shuttle,asymmetric_10,1,10.1625,0.7,0.9097287377870442,0.9978333333333332,2.3
shuttle,asymmetric_10,2,10.05,0.7,0.8679262795280086,0.9973333333333332,2.3
shuttle,asymmetric_10,3,9.766666666666666,0.7,0.9277990073170334,0.9986666666666668,2.3
shuttle,asymmetric_10,4,10.2875,0.7,0.8816654613082979,0.9971666666666666,2.3
shuttle,asymmetric_20,0,20.125,0.7,0.8738854902465718,0.996,2.4
shuttle,asymmetric_20,1,19.9125,0.7,0.8528628659266883,0.9936666666666668,2.4
shuttle,asymmetric_20,2,19.4375,0.7,0.8172778461877463,0.9945,2.5
shuttle,asymmetric_20,3,20.2875,0.7,0.8666666409931866,0.996,2.4
shuttle,asymmetric_20,4,19.8375,0.7,0.8165104822424651,0.9938333333333332,2.4
shuttle,asymmetric_30,0,30.0125,0.7,0.7783397821462987,0.9861666666666666,2.4
shuttle,asymmetric_30,1,29.50833333333333,0.7,0.8226929787523287,0.989,2.6
shuttle,asymmetric_30,2,30.0375,0.7,0.7854449211488197,0.9875,2.4
shuttle,asymmetric_30,3,29.770833333333336,0.7,0.8077567153891706,0.9888333333333332,2.5
shuttle,asymmetric_30,4,30.020833333333336,0.7,0.7721173129515617,0.9831666666666666,2.5
shuttle,asymmetric_40,0,39.625,0.7,0.7046307456797318,0.9525,2.6
shuttle,asymmetric_40,1,39.90416666666667,0.7,0.7366052153217808,0.9613333333333334,2.5
shuttle,asymmetric_40,2,39.925,0.7,0.6777361219372795,0.9386666666666666,2.5
shuttle,asymmetric_40,3,40.1,0.7,0.7231496591114372,0.9586666666666668,2.5
shuttle,asymmetric_40,4,40.10416666666667,0.7,0.7133350938113576,0.9573333333333334,2.6
shuttle,clean_0,0,0.0,0.7,0.9093271423217438,0.9985,1.9
shuttle,clean_0,1,0.0,0.7,0.903257450880386,0.998,1.9
shuttle,clean_0,2,0.0,0.7,0.8580251499535474,0.9978333333333332,1.9
shuttle,clean_0,3,0.0,0.7,0.8740130644644648,0.998,1.9
shuttle,clean_0,4,0.0,0.7,0.9024666249932336,0.998,2.0
shuttle,pairflip_40,0,39.625,0.7,0.710389916279529,0.9573333333333334,2.5
shuttle,pairflip_40,1,39.90416666666667,0.7,0.7324768552018815,0.9651666666666666,2.5
shuttle,pairflip_40,2,39.925,0.7,0.6838283119220482,0.9481666666666668,2.5
shuttle,pairflip_40,3,40.1,0.7,0.7349341067179398,0.9641666666666666,2.6
shuttle,pairflip_40,4,40.10416666666667,0.7,0.7247197630364981,0.964,2.5
shuttle,symmetric_10,0,10.158333333333331,0.7,0.9090031069047368,0.9981666666666666,2.0
shuttle,symmetric_10,1,10.1625,0.7,0.9161043711827728,0.9981666666666666,1.9
shuttle,symmetric_10,2,10.05,0.7,0.8744647057623606,0.998,2.1
shuttle,symmetric_10,3,9.766666666666666,0.7,0.8837371824466166,0.998,2.0
shuttle,symmetric_10,4,10.2875,0.7,0.896240982681433,0.9976666666666668,2.0
shuttle,symmetric_20,0,20.125,0.7,0.862775848209893,0.998,2.1
shuttle,symmetric_20,1,19.9125,0.7,0.90197957092273,0.9971666666666666,2.2
shuttle,symmetric_20,2,19.4375,0.7,0.8733800284746832,0.9975,2.2
shuttle,symmetric_20,3,20.2875,0.7,0.9158678043846664,0.9985,2.2
shuttle,symmetric_20,4,19.8375,0.7,0.8887877412369213,0.998,2.2
shuttle,symmetric_30,0,30.0125,0.7,0.8490129714570612,0.9936666666666668,2.5
shuttle,symmetric_30,1,29.50833333333333,0.7,0.886295683716363,0.9951666666666666,2.6
shuttle,symmetric_30,2,30.0375,0.7,0.8449831649831651,0.9948333333333332,2.5
shuttle,symmetric_30,3,29.770833333333336,0.7,0.8639726238399923,0.9961666666666666,2.5
shuttle,symmetric_30,4,30.020833333333336,0.7,0.8921634790136459,0.9943333333333332,2.6
shuttle,symmetric_40,0,39.625,0.7,0.8053501947314384,0.9886666666666668,2.8
shuttle,symmetric_40,1,39.90416666666667,0.7,0.8135782443647345,0.9878333333333332,2.6
shuttle,symmetric_40,2,39.925,0.7,0.7435979544333747,0.9863333333333332,2.7
shuttle,symmetric_40,3,40.1,0.7,0.7804532343133397,0.9875,2.8
shuttle,symmetric_40,4,40.10416666666667,0.7,0.7894049344190583,0.9886666666666668,2.7
har,asymmetric_10,0,10.378312765527008,0.7,0.9802093216580966,0.9797734627831716,122.4
har,asymmetric_10,1,10.843617236496057,0.7,0.9833306371745584,0.983009708737864,128.1
har,asymmetric_10,2,9.973700182075662,0.7,0.9704305788267434,0.970873786407767,126.5
har,asymmetric_10,3,10.0748533279385,0.7,0.9783633029084668,0.9781553398058253,124.2
har,asymmetric_10,4,10.436893203883496,0.7,0.9781867978291706,0.9781376518218624,127.8
har,asymmetric_20,0,20.675703014363748,0.7,0.9560961245694992,0.9546925566343042,150.6
har,asymmetric_20,1,19.643940926562816,0.7,0.957174964367962,0.9571197411003236,149.4
har,asymmetric_20,2,19.765324701598217,0.7,0.9482908826842577,0.948220064724919,150.2
har,asymmetric_20,3,20.149706655877,0.7,0.954168863872676,0.9546925566343042,148.5
har,asymmetric_20,4,19.457928802589,0.7,0.9522953601139742,0.951417004048583,149.4
har,asymmetric_30,0,29.53671859194821,0.7,0.8944942214638099,0.8940129449838188,166.4
har,asymmetric_30,1,29.61764110863848,0.7,0.8878752204940152,0.88915857605178,169.6
har,asymmetric_30,2,29.880639287881856,0.7,0.8655555032491266,0.8673139158576052,168.6
har,asymmetric_30,3,29.21302852518713,0.7,0.9098739362886,0.9101941747572816,167.3
har,asymmetric_30,4,30.6836569579288,0.7,0.8797505679115444,0.8809716599190284,171.2
har,asymmetric_40,0,39.3081124822982,0.7,0.7724055202891876,0.7766990291262136,175.8
har,asymmetric_40,1,40.38033582844427,0.7,0.70164566497755,0.7063106796116505,177.1
har,asymmetric_40,2,39.36880436981591,0.7,0.7324555763706081,0.7354368932038835,175.1
har,asymmetric_40,3,40.52195023265224,0.7,0.7205953697763642,0.720873786407767,177.0
har,asymmetric_40,4,39.66423948220065,0.7,0.7298377308922959,0.7311740890688259,174.9
har,clean_0,0,0.0,0.7,0.9900421858247308,0.9894822006472492,57.1
har,clean_0,1,0.0,0.7,0.992956125056173,0.9927184466019418,58.0
har,clean_0,2,0.0,0.7,0.9847152981835308,0.9846278317152104,57.4
har,clean_0,3,0.0,0.7,0.9841944027167956,0.9838187702265372,59.5
har,clean_0,4,0.0,0.7,0.9863883837090344,0.9862348178137652,57.9
har,pairflip_40,0,25.93566659923124,0.7,0.8140876314456792,0.8220064724919094,122.6
har,pairflip_40,1,26.05705037426664,0.7,0.8068706966761713,0.8155339805825242,121.3
har,pairflip_40,2,25.571515274125023,0.7,0.8208489333429543,0.8252427184466019,120.4
har,pairflip_40,3,25.97612785757637,0.7,0.8040945558725504,0.8098705501618123,120.3
har,pairflip_40,4,25.50566343042071,0.7,0.8082768618078652,0.8129554655870446,121.2
har,symmetric_10,0,10.378312765527008,0.7,0.9828022259125316,0.982200647249191,136.3
har,symmetric_10,1,10.843617236496057,0.7,0.9836314143796264,0.983009708737864,138.0
har,symmetric_10,2,9.973700182075662,0.7,0.9734350632632814,0.9733009708737864,130.0
har,symmetric_10,3,10.0748533279385,0.7,0.9797787822634006,0.9797734627831716,138.3
har,symmetric_10,4,10.436893203883496,0.7,0.9822972441575092,0.9821862348178138,135.1
har,symmetric_20,0,20.675703014363748,0.7,0.9735623820420392,0.9724919093851132,180.0
har,symmetric_20,1,19.643940926562816,0.7,0.9835246743373766,0.983009708737864,176.3
har,symmetric_20,2,19.765324701598217,0.7,0.9769203660382708,0.9765372168284788,176.3
har,symmetric_20,3,20.149706655877,0.7,0.9758898099111624,0.9757281553398058,180.8
har,symmetric_20,4,19.457928802589,0.7,0.9771367942613216,0.9765182186234818,178.2
har,symmetric_30,0,29.53671859194821,0.7,0.9609170100250498,0.9611650485436892,202.5
har,symmetric_30,1,29.61764110863848,0.7,0.9618809732685946,0.9619741100323624,203.2
har,symmetric_30,2,29.880639287881856,0.7,0.9595847713805712,0.959546925566343,205.1
har,symmetric_30,3,29.21302852518713,0.7,0.968513917918112,0.9684466019417476,203.6
har,symmetric_30,4,30.6836569579288,0.7,0.9605371783165234,0.9603238866396762,203.7
har,symmetric_40,0,39.3081124822982,0.7,0.9446222658705198,0.9441747572815534,218.2
har,symmetric_40,1,40.38033582844427,0.7,0.9450289877508948,0.9449838187702264,221.7
har,symmetric_40,2,39.36880436981591,0.7,0.9373413030836356,0.9368932038834952,219.5
har,symmetric_40,3,40.52195023265224,0.7,0.929766099021018,0.9296116504854368,221.7
har,symmetric_40,4,39.66423948220065,0.7,0.9307921955169368,0.931174089068826,221.4
isolet,asymmetric_10,0,10.45175086875167,0.7,0.9295402217226028,0.9294871794871796,357.3
isolet,asymmetric_10,1,10.478481689387865,0.7,0.9314286347200604,0.9316239316239316,354.4
isolet,asymmetric_10,2,9.807589524318546,0.7,0.9279295610653832,0.9283422459893048,339.6
isolet,asymmetric_10,3,9.941207910208446,0.7,0.946567739649616,0.946524064171123,331.5
isolet,asymmetric_10,4,10.983431320149654,0.7,0.922860499841666,0.9229946524064172,353.1
isolet,asymmetric_20,0,20.50253942796044,0.7,0.8882942673211344,0.8888888888888888,417.4
isolet,asymmetric_20,1,19.67388398823844,0.7,0.908143579749592,0.908119658119658,408.7
isolet,asymmetric_20,2,19.454836985569216,0.7,0.9053812514017948,0.9058823529411764,413.3
isolet,asymmetric_20,3,20.60395510422234,0.7,0.9084426258928572,0.9090909090909092,417.2
isolet,asymmetric_20,4,19.401389631213256,0.7,0.906132449286877,0.9058823529411764,411.3
isolet,asymmetric_30,0,29.27024859663192,0.7,0.8164092995154758,0.8173076923076923,437.8
isolet,asymmetric_30,1,29.27024859663192,0.7,0.8287427396752446,0.8301282051282052,437.8
isolet,asymmetric_30,2,29.98396579369321,0.7,0.8200353453843306,0.8224598930481284,443.0
isolet,asymmetric_30,3,29.2089791555318,0.7,0.8316895709855859,0.8331550802139037,436.0
isolet,asymmetric_30,4,30.94601817210048,0.7,0.8200204514311391,0.8203208556149733,447.2
isolet,asymmetric_40,0,38.75968992248063,0.7,0.6890845137833264,0.6901709401709402,464.4
isolet,asymmetric_40,1,40.68430900828656,0.7,0.6536276328488511,0.657051282051282,459.6
isolet,asymmetric_40,2,39.3372528059861,0.7,0.691241651255661,0.6941176470588235,460.7
isolet,asymmetric_40,3,40.88722608230893,0.7,0.6554983375279566,0.6609625668449198,457.7
isolet,asymmetric_40,4,39.57776590058792,0.7,0.6541538514908167,0.6577540106951871,451.8
isolet,clean_0,0,0.0,0.7,0.933967218532006,0.9337606837606838,234.5
isolet,clean_0,1,0.0,0.7,0.9392638863097088,0.939102564102564,237.1
isolet,clean_0,2,0.0,0.7,0.9367550507437178,0.9368983957219252,237.9
isolet,clean_0,3,0.0,0.7,0.9624274063694844,0.962566844919786,258.4
isolet,clean_0,4,0.0,0.7,0.9475235012435488,0.9475935828877006,252.5
isolet,pairflip_40,0,9.195402298850574,0.7,0.8538573284013702,0.8536324786324786,268.9
isolet,pairflip_40,1,9.783480352846832,0.7,0.8722184733169048,0.8717948717948718,269.6
isolet,pairflip_40,2,8.73864243719936,0.7,0.8940180940051796,0.8973262032085562,269.3
isolet,pairflip_40,3,9.299839657936932,0.7,0.8769447518533996,0.879144385026738,273.7
isolet,pairflip_40,4,8.818813468733298,0.7,0.8725554015005496,0.8748663101604278,270.0
isolet,symmetric_10,0,10.45175086875167,0.7,0.9328768839141708,0.9326923076923076,286.2
isolet,symmetric_10,1,10.478481689387865,0.7,0.9347093676303864,0.9348290598290598,292.0
isolet,symmetric_10,2,9.807589524318546,0.7,0.926049800162862,0.9262032085561496,288.0
isolet,symmetric_10,3,9.941207910208446,0.7,0.9550778066019984,0.9550802139037432,291.8
isolet,symmetric_10,4,10.983431320149654,0.7,0.9432483783497664,0.9433155080213904,303.3
isolet,symmetric_20,0,20.50253942796044,0.7,0.9199917473047096,0.9198717948717948,400.6
isolet,symmetric_20,1,19.67388398823844,0.7,0.9250359914315568,0.9252136752136751,382.7
isolet,symmetric_20,2,19.454836985569216,0.7,0.926511954617846,0.9272727272727272,376.5
isolet,symmetric_20,3,20.60395510422234,0.7,0.9432821550377528,0.9433155080213904,410.8
isolet,symmetric_20,4,19.401389631213256,0.7,0.92259169717282,0.9229946524064172,375.9
isolet,symmetric_30,0,29.27024859663192,0.7,0.8955555758028153,0.8952991452991453,503.7
isolet,symmetric_30,1,29.27024859663192,0.7,0.9108770204906308,0.9113247863247864,511.6
isolet,symmetric_30,2,29.98396579369321,0.7,0.9019383069634164,0.902673796791444,502.3
isolet,symmetric_30,3,29.2089791555318,0.7,0.916515316925852,0.916577540106952,508.8
isolet,symmetric_30,4,30.94601817210048,0.7,0.91071286119198,0.9112299465240642,551.7
isolet,symmetric_40,0,38.75968992248063,0.7,0.8617643465159769,0.8621794871794872,616.8
isolet,symmetric_40,1,40.68430900828656,0.7,0.8792486417906584,0.8803418803418803,632.8
isolet,symmetric_40,2,39.3372528059861,0.7,0.8995977108234583,0.9005347593582887,625.4
isolet,symmetric_40,3,40.88722608230893,0.7,0.917570192356326,0.9176470588235294,633.2
isolet,symmetric_40,4,39.57776590058792,0.7,0.8976546743781673,0.8983957219251337,627.4
fmnist,asymmetric_10,0,10.291666666666668,0.7,0.8940313961352763,0.8943055555555556,684.5
fmnist,asymmetric_10,1,10.142361111111112,0.7,0.8889203181876908,0.8894444444444445,675.4
fmnist,asymmetric_10,2,10.03125,0.7,0.8874915445520088,0.8880555555555556,682.3
fmnist,asymmetric_10,3,9.78125,0.7,0.8877120559566262,0.8876388888888889,676.0
fmnist,asymmetric_10,4,10.322916666666666,0.7,0.894401098638326,0.8944444444444445,683.3
fmnist,asymmetric_20,0,20.11805555555556,0.7,0.882095505795634,0.8825,705.9
fmnist,asymmetric_20,1,19.88888888888889,0.7,0.8789920644303881,0.8798611111111111,737.2
fmnist,asymmetric_20,2,19.49652777777778,0.7,0.880402478080318,0.8809722222222223,721.3
fmnist,asymmetric_20,3,20.24305555555556,0.7,0.8780692033702067,0.8784722222222222,718.0
fmnist,asymmetric_20,4,19.73958333333333,0.7,0.884006271465567,0.8841666666666667,725.9
fmnist,asymmetric_30,0,29.944444444444446,0.7,0.8456553245449945,0.84625,731.1
fmnist,asymmetric_30,1,29.569444444444443,0.7,0.8399253796014345,0.8404166666666667,748.0
fmnist,asymmetric_30,2,29.944444444444446,0.7,0.8326989015550919,0.83375,727.0
fmnist,asymmetric_30,3,29.8125,0.7,0.8397931554544721,0.8402777777777778,734.8
fmnist,asymmetric_30,4,30.01388888888889,0.7,0.8458678284433058,0.84625,728.0
fmnist,asymmetric_40,0,39.75694444444444,0.7,0.7064549452865001,0.7070833333333333,723.3
fmnist,asymmetric_40,1,39.89930555555555,0.7,0.6967527996505838,0.6970833333333334,747.3
fmnist,asymmetric_40,2,39.91666666666666,0.7,0.7080985698666465,0.7086111111111111,735.3
fmnist,asymmetric_40,3,39.94444444444444,0.7,0.7058603956459528,0.7056944444444444,734.2
fmnist,asymmetric_40,4,40.00694444444444,0.7,0.7094295650469937,0.7101388888888889,729.2
fmnist,clean_0,0,0.0,0.7,0.8983716355695849,0.89875,537.8
fmnist,clean_0,1,0.0,0.7,0.8936265431889681,0.8943055555555556,540.7
fmnist,clean_0,2,0.0,0.7,0.8962501469411631,0.8969444444444444,557.9
fmnist,clean_0,3,0.0,0.7,0.8906553282928202,0.8909722222222223,554.7
fmnist,clean_0,4,0.0,0.7,0.8998660269028681,0.9,562.6
fmnist,pairflip_40,0,23.82638888888889,0.7,0.7843193637161625,0.7847222222222222,667.8
fmnist,pairflip_40,1,23.94097222222222,0.7,0.7681141082778593,0.76875,669.1
fmnist,pairflip_40,2,23.73611111111111,0.7,0.787638561880602,0.78875,673.6
fmnist,pairflip_40,3,23.8125,0.7,0.7867435555421148,0.7876388888888889,676.1
fmnist,pairflip_40,4,24.065972222222225,0.7,0.7825950693360625,0.78375,669.7
fmnist,symmetric_10,0,10.291666666666668,0.7,0.894549677726781,0.8948611111111111,702.1
fmnist,symmetric_10,1,10.142361111111112,0.7,0.8903826261082471,0.8909722222222223,695.3
fmnist,symmetric_10,2,10.03125,0.7,0.8886857010567228,0.8893055555555556,683.6
fmnist,symmetric_10,3,9.78125,0.7,0.8902372174686833,0.8902777777777777,677.0
fmnist,symmetric_10,4,10.322916666666666,0.7,0.8954660294483162,0.8956944444444445,698.9
fmnist,symmetric_20,0,20.11805555555556,0.7,0.8872093864813996,0.8870833333333333,764.2
fmnist,symmetric_20,1,19.88888888888889,0.7,0.8852841842440851,0.8855555555555555,746.5
fmnist,symmetric_20,2,19.49652777777778,0.7,0.8839300348329703,0.8844444444444445,762.1
fmnist,symmetric_20,3,20.24305555555556,0.7,0.8810448804724352,0.88125,759.4
fmnist,symmetric_20,4,19.73958333333333,0.7,0.8904818063509051,0.8904166666666666,757.1
fmnist,symmetric_30,0,29.944444444444446,0.7,0.8820780113407455,0.8818055555555555,733.4
fmnist,symmetric_30,1,29.569444444444443,0.7,0.8744148360609223,0.8744444444444445,728.7
fmnist,symmetric_30,2,29.944444444444446,0.7,0.8724986664685657,0.8729166666666667,731.7
fmnist,symmetric_30,3,29.8125,0.7,0.8745794913423287,0.8744444444444445,738.9
fmnist,symmetric_30,4,30.01388888888889,0.7,0.8787115129931058,0.8784722222222222,753.4
fmnist,symmetric_40,0,39.75694444444444,0.7,0.8651687711475077,0.8647222222222222,750.5
fmnist,symmetric_40,1,39.89930555555555,0.7,0.8554752713749181,0.8558333333333333,762.9
fmnist,symmetric_40,2,39.91666666666666,0.7,0.8592378490163668,0.8597222222222223,753.9
fmnist,symmetric_40,3,39.94444444444444,0.7,0.8586436629797675,0.85875,765.8
fmnist,symmetric_40,4,40.00694444444444,0.7,0.8624540601778576,0.8623611111111111,765.2
cifar10,asymmetric_10,0,10.158333333333331,0.7,0.8579621032293148,0.858,628.4
cifar10,asymmetric_10,1,10.1625,0.7,0.872153398810925,0.872,627.4
cifar10,asymmetric_10,2,10.05,0.7,0.8656214171618466,0.8655,632.3
cifar10,asymmetric_10,3,9.766666666666666,0.7,0.8770996946105637,0.8768333333333334,628.5
cifar10,asymmetric_10,4,10.2875,0.7,0.8590171781814944,0.8588333333333333,615.4
cifar10,asymmetric_20,0,20.125,0.7,0.8401648437597917,0.8403333333333334,661.2
cifar10,asymmetric_20,1,19.9125,0.7,0.8590327802338512,0.8588333333333333,656.7
cifar10,asymmetric_20,2,19.4375,0.7,0.8498431242775439,0.8498333333333333,654.8
cifar10,asymmetric_20,3,20.2875,0.7,0.8557260837212708,0.8556666666666667,663.4
cifar10,asymmetric_20,4,19.8375,0.7,0.843464931375814,0.8433333333333334,658.6
cifar10,asymmetric_30,0,30.012499999999996,0.7,0.7929527042041542,0.793,452.5
cifar10,asymmetric_30,1,29.50833333333333,0.7,0.8074201251021081,0.8073333333333333,552.4
cifar10,asymmetric_30,2,30.0375,0.7,0.7954659529267664,0.796,521.2
cifar10,asymmetric_30,3,29.770833333333336,0.7,0.8083604306943982,0.8081666666666667,525.3
cifar10,asymmetric_30,4,30.020833333333336,0.7,0.7973683716864997,0.7971666666666667,510.1
cifar10,asymmetric_40,0,39.625,0.7,0.66461117820698,0.6653333333333333,470.2
cifar10,asymmetric_40,1,39.90416666666667,0.7,0.6836928471194842,0.684,463.7
cifar10,asymmetric_40,2,39.925,0.7,0.6648631342568009,0.665,538.6
cifar10,asymmetric_40,3,40.1,0.7,0.6769154476974639,0.6771666666666667,493.7
cifar10,asymmetric_40,4,40.10416666666667,0.7,0.6750255965376964,0.675,533.5
cifar10,c10n_aggre_0,0,8.883333333333333,0.7,0.8639453296233907,0.8643333333333333,502.8
cifar10,c10n_aggre_0,1,8.945833333333333,0.7,0.8670973262579341,0.8675,496.7
cifar10,c10n_aggre_0,2,8.987499999999999,0.7,0.8639122670436216,0.8641666666666666,441.4
cifar10,c10n_aggre_0,3,8.958333333333334,0.7,0.8764611045946913,0.8766666666666667,427.5
cifar10,c10n_aggre_0,4,8.858333333333333,0.7,0.8601539410708183,0.8605,422.3
cifar10,c10n_random1_0,0,17.325,0.7,0.8528262144869176,0.853,418.4
cifar10,c10n_random1_0,1,17.09583333333333,0.7,0.8516406239781256,0.8521666666666666,475.4
cifar10,c10n_random1_0,2,17.1125,0.7,0.8527882122911221,0.8531666666666666,405.2
cifar10,c10n_random1_0,3,17.133333333333333,0.7,0.8631624204533569,0.8633333333333333,433.0
cifar10,c10n_random1_0,4,17.333333333333336,0.7,0.8517496579813179,0.8516666666666667,441.9
cifar10,c10n_worse_0,0,40.229166666666664,0.7,0.7812227052488185,0.7818333333333334,436.7
cifar10,c10n_worse_0,1,40.25416666666667,0.7,0.7931440129015029,0.7946666666666666,407.9
cifar10,c10n_worse_0,2,40.204166666666666,0.7,0.7926665547738093,0.7935,405.5
cifar10,c10n_worse_0,3,40.15416666666667,0.7,0.8016824066361716,0.802,399.4
cifar10,c10n_worse_0,4,40.125,0.7,0.7878883010605204,0.7883333333333333,388.2
cifar10,clean_0,0,0.0,0.7,0.8730974505503065,0.873,313.0
cifar10,clean_0,1,0.0,0.7,0.8785955589737098,0.8785,309.2
cifar10,clean_0,2,0.0,0.7,0.8784641417149697,0.8785,309.5
cifar10,clean_0,3,0.0,0.7,0.8821341055080858,0.882,308.4
cifar10,clean_0,4,0.0,0.7,0.8688815507111322,0.8688333333333333,307.3
cifar10,pairflip_40,0,23.891666666666666,0.7,0.7486878201402073,0.7495,352.2
cifar10,pairflip_40,1,24.183333333333334,0.7,0.7508933494008885,0.752,355.2
cifar10,pairflip_40,2,23.995833333333334,0.7,0.7561720215511756,0.7568333333333334,353.3
cifar10,pairflip_40,3,24.270833333333332,0.7,0.7615965003164437,0.762,362.6
cifar10,pairflip_40,4,23.8375,0.7,0.7583120644814717,0.7586666666666667,362.5
cifar10,symmetric_10,0,10.158333333333333,0.7,0.8623654069452783,0.8621666666666666,392.9
cifar10,symmetric_10,1,10.1625,0.7,0.8727701428487498,0.8726666666666667,385.4
cifar10,symmetric_10,2,10.05,0.7,0.8662448074566305,0.8661666666666666,384.1
cifar10,symmetric_10,3,9.766666666666666,0.7,0.8785972209366172,0.8783333333333333,387.5
cifar10,symmetric_10,4,10.2875,0.7,0.864598634629403,0.8645,386.9
cifar10,symmetric_20,0,20.125,0.7,0.8484538922488764,0.8483333333333334,382.1
cifar10,symmetric_20,1,19.9125,0.7,0.8584685824509369,0.8583333333333333,389.8
cifar10,symmetric_20,2,19.4375,0.7,0.8555659450033589,0.8555,389.1
cifar10,symmetric_20,3,20.2875,0.7,0.8649477360890389,0.8645,392.2
cifar10,symmetric_20,4,19.8375,0.7,0.8507536245695974,0.8505,402.7
cifar10,symmetric_30,0,30.012499999999996,0.7,0.8417509355312397,0.8415,413.3
cifar10,symmetric_30,1,29.50833333333333,0.7,0.8471090918789799,0.8468333333333333,435.6
cifar10,symmetric_30,2,30.0375,0.7,0.8373413960465552,0.8373333333333334,424.5
cifar10,symmetric_30,3,29.770833333333336,0.7,0.8512886655244862,0.851,431.0
cifar10,symmetric_30,4,30.020833333333336,0.7,0.8377103292860204,0.8373333333333334,415.2
cifar10,symmetric_40,0,39.625,0.7,0.8202927015273478,0.8203333333333334,421.8
cifar10,symmetric_40,1,39.90416666666667,0.7,0.82122163835018,0.8211666666666667,410.9
cifar10,symmetric_40,2,39.925,0.7,0.8302502917076608,0.8301666666666667,414.2
cifar10,symmetric_40,3,40.1,0.7,0.8280514287402367,0.8278333333333333,410.5
cifar10,symmetric_40,4,40.10416666666667,0.7,0.8128587014028895,0.8123333333333334,408.5
