model,noise_type,noise_level,fold,train_size,val_size,actual_noise_pct,runtime_seconds,ram_gb,accuracy,f1_macro,f1_weighted,precision_class_0,recall_class_0,f1_class_0,support_class_0,precision_class_1,recall_class_1,f1_class_1,support_class_1,precision_class_2,recall_class_2,f1_class_2,support_class_2,precision_class_3,recall_class_3,f1_class_3,support_class_3,precision_class_4,recall_class_4,f1_class_4,support_class_4,precision_class_5,recall_class_5,f1_class_5,support_class_5,precision_class_6,recall_class_6,f1_class_6,support_class_6
Stacking,symmetric,0.0,0,80000,20000,0.0,249.55406999588013,3.805536256,0.92555,0.8883991441620723,0.9252490569081833,0.9315355595920078,0.914289632473944,0.9228320298982629,7292,0.9272161429575344,0.9470877768662839,0.9370466189823974,9752,0.9169381107491856,0.9147034930950447,0.9158194387962586,1231,0.8631578947368421,0.8723404255319149,0.8677248677248677,94,0.8721804511278195,0.709480122324159,0.7824620573355818,327,0.8675721561969439,0.8545150501672241,0.8609941027801179,598,0.9332386363636364,0.9305949008498584,0.9319148936170213,706
Stacking,symmetric,0.0,1,80000,20000,0.0,250.3092658519745,4.429934592,0.92845,0.8889650753418392,0.9282080378796851,0.9334632516703786,0.91963795940757,0.9264990328820116,7292,0.9307916708580626,0.94883100902379,0.9397247753008683,9752,0.9258064516129032,0.9325751421608448,0.9291784702549575,1231,0.8631578947368421,0.8723404255319149,0.8677248677248677,94,0.8356643356643356,0.7308868501529052,0.7797716150081566,327,0.8715753424657534,0.8511705685618729,0.8612521150592216,598,0.9432835820895522,0.8951841359773371,0.9186046511627907,706
Stacking,symmetric,0.0,2,80000,20000,0.0,245.71927332878113,4.082634752,0.9261,0.8835323747350419,0.9258299363198966,0.931878584417401,0.9136039495337356,0.9226507859566512,7292,0.927373179306881,0.9466776045939295,0.9369259653930075,9752,0.9117415287628053,0.9398862713241267,0.9256,1231,0.8658536585365854,0.7473684210526316,0.8022598870056498,95,0.8673835125448028,0.7423312883435583,0.8,326,0.8754266211604096,0.8578595317725752,0.8665540540540541,598,0.9485294117647058,0.9135977337110481,0.9307359307359307,706
Stacking,symmetric,0.0,3,80000,20000,0.0,250.5310833454132,4.055867392,0.92635,0.8875133811503207,0.9261314829954094,0.9329149232914923,0.9173066374108613,0.9250449453740838,7292,0.9300896544776871,0.946780147662018,0.9383606890594034,9752,0.9014195583596214,0.9285134037367994,0.9147659063625451,1231,0.9285714285714286,0.8210526315789474,0.8715083798882681,95,0.8344594594594594,0.7553516819571865,0.7929373996789727,327,0.8581436077057794,0.8207705192629816,0.839041095890411,597,0.945906432748538,0.9164305949008499,0.9309352517985612,706
Stacking,symmetric,0.0,4,80000,20000,0.0,248.37899684906006,4.079837184,0.92925,0.8988543711610585,0.929051520051103,0.9360391882435269,0.9171695008228196,0.9265082773429383,7292,0.9273619877767759,0.9491386382280558,0.9381239547965338,9752,0.9344262295081968,0.926829268292683,0.9306122448979591,1230,0.8842105263157894,0.8842105263157894,0.8842105263157894,95,0.8531468531468531,0.746177370030581,0.7960848287112561,327,0.8836424957841484,0.8762541806020067,0.8799328295549959,598,0.9544117647058824,0.9192634560906515,0.9365079365079365,706
Stacking,symmetric,0.1,0,80000,20000,10.13875,288.1805214881897,4.473810944,0.912,0.8615318965249305,0.9113866049522429,0.9202583181243857,0.8989303346132749,0.9094693028095734,7292,0.9127323327701024,0.9416529942575882,0.9269671427850401,9752,0.8903122497998399,0.9033306255077173,0.896774193548387,1231,0.9230769230769231,0.7659574468085106,0.8372093023255814,94,0.8706896551724138,0.617737003058104,0.7227191413237924,327,0.8330522765598651,0.8260869565217391,0.8295549958018472,598,0.9367469879518072,0.8810198300283286,0.908029197080292,706
Stacking,symmetric,0.1,1,80000,20000,9.936250000000001,293.4165074825287,4.480311296,0.91455,0.8550878582159865,0.9140455448174509,0.9244649601342845,0.906335710367526,0.9153105740599682,7292,0.9187162567486503,0.9422682526661198,0.9303432216259998,9752,0.8878357030015798,0.9130787977254264,0.9002803364036844,1231,0.8409090909090909,0.7872340425531915,0.8131868131868132,94,0.8181818181818182,0.6605504587155964,0.7309644670050761,327,0.8297872340425532,0.782608695652174,0.8055077452667814,598,0.9160419790104948,0.8654390934844193,0.8900218499635834,706
Stacking,symmetric,0.1,2,80000,20000,10.19375,286.7926535606384,4.849524736,0.9107,0.8501084729339075,0.9102118333718987,0.9178351093662367,0.8976961053208996,0.9076539101497504,7292,0.9136086391360864,0.9369360131255127,0.9251252974231762,9752,0.8830364058869093,0.9260763606823721,0.9040444091990484,1231,0.8181818181818182,0.6631578947368421,0.7325581395348837,95,0.8141263940520446,0.6717791411042945,0.7361344537815127,326,0.866785079928952,0.8160535117056856,0.8406546080964685,598,0.9310344827586207,0.8796033994334278,0.9045884923525127,706
Stacking,symmetric,0.1,3,80000,20000,10.08375,302.4576225280762,4.818714624,0.911,0.8545722155572972,0.9105272329340011,0.9212299915754002,0.899753154141525,0.910364922991536,7292,0.9138841821987441,0.9402173913043478,0.9268637856962345,9752,0.8776806989674345,0.8976441917140536,0.8875502008032129,1231,0.8372093023255814,0.7578947368421053,0.7955801104972375,95,0.8333333333333334,0.6880733944954128,0.7537688442211056,327,0.8300180831826401,0.7688442211055276,0.7982608695652174,597,0.9290989660265879,0.8909348441926346,0.9096167751265365,706
Stacking,symmetric,0.1,4,80000,20000,10.10875,286.8887720108032,4.678590464,0.91325,0.8586943813745024,0.912744807878953,0.9226883681773538,0.9018102029621503,0.9121298286982453,7292,0.9127363184079602,0.9406275635767022,0.9264720735279265,9752,0.9045676998368679,0.9016260162601626,0.9030944625407166,1230,0.8152173913043478,0.7894736842105263,0.8021390374331551,95,0.8181818181818182,0.6330275229357798,0.7137931034482758,327,0.8402061855670103,0.8177257525083612,0.8288135593220339,598,0.9492537313432836,0.9008498583569405,0.9244186046511628,706
Stacking,symmetric,0.2,0,80000,20000,19.885,304.14017844200134,5.214695424,0.8979,0.8234866241022419,0.8968117422535268,0.9102618542108988,0.8819253976961053,0.895869610642892,7292,0.8986579830274324,0.9338597210828548,0.9159207482651112,9752,0.8743083003952569,0.8984565393988627,0.8862179487179487,1231,0.8125,0.6914893617021277,0.7471264367816092,94,0.8407960199004975,0.5168195718654435,0.6401515151515151,327,0.7934595524956971,0.7709030100334449,0.7820186598812553,598,0.9183976261127597,0.876770538243626,0.8971014492753623,706
Stacking,symmetric,0.2,1,80000,20000,20.07125,304.8108277320862,5.262311424,0.90085,0.8329570234674998,0.9000025394330029,0.9127620655691572,0.8896050466264399,0.9010347940829224,7292,0.9038556844087621,0.935090237899918,0.9192077012247366,9752,0.8729281767955801,0.8984565393988627,0.8855084067253803,1231,0.8,0.8085106382978723,0.8042328042328042,94,0.8122270742358079,0.5688073394495413,0.6690647482014388,327,0.8077601410934744,0.7658862876254181,0.7862660944206008,598,0.9055727554179567,0.8286118980169972,0.8653846153846154,706
Stacking,symmetric,0.2,2,80000,20000,19.92625,309.0473823547363,5.12366592,0.8966,0.822826110883825,0.8957509615426258,0.9053636618927268,0.884256719692814,0.8946857222145137,7292,0.9014547628537266,0.9277071369975389,0.9143925611481706,9752,0.862413528055342,0.9114541023558083,0.8862559241706162,1231,0.8356164383561644,0.6421052631578947,0.7261904761904762,95,0.8116591928251121,0.5552147239263804,0.6593806921675774,326,0.8006700167504187,0.7993311036789298,0.8,598,0.9182098765432098,0.8427762039660056,0.8788774002954209,706
Stacking,symmetric,0.2,3,80000,20000,20.09,302.6954276561737,5.199171584,0.8987,0.8325428013451649,0.8978045579639347,0.9129818594104309,0.8834339001645639,0.8979648731530527,7292,0.8978848991637973,0.9359105824446268,0.9165034894813476,9752,0.8664571877454831,0.8960194963444355,0.8809904153354633,1231,0.8933333333333333,0.7052631578947368,0.788235294117647,95,0.8158995815899581,0.5963302752293578,0.6890459363957597,327,0.8011152416356877,0.7219430485762144,0.7594713656387665,597,0.9311926605504587,0.8626062322946175,0.8955882352941177,706
Stacking,symmetric,0.2,4,80000,20000,20.01875,304.9171006679535,4.923314176,0.90025,0.830562320186678,0.899228336885281,0.9096140350877193,0.8887822270981898,0.8990774779773878,7292,0.8995456341367049,0.9338597210828548,0.9163815657073858,9752,0.8904991948470209,0.8991869918699187,0.8948220064724919,1230,0.8313253012048193,0.7263157894736842,0.7752808988764045,95,0.7990654205607477,0.5229357798165137,0.6321626617375231,327,0.8199300699300699,0.7842809364548495,0.8017094017094017,598,0.940625,0.8526912181303116,0.8945022288261516,706
Stacking,symmetric,0.3,0,80000,20000,29.898750000000003,314.78606629371643,5.717958656,0.8815,0.7873828614822898,0.8798399502417331,0.8963752665245203,0.8647833241908941,0.8802959447197599,7292,0.8801986948475699,0.926681706316653,0.9028422998151756,9752,0.8609539207760711,0.8651502843216897,0.8630470016207455,1231,0.7971014492753623,0.5851063829787234,0.6748466257668712,94,0.8055555555555556,0.4434250764525994,0.571992110453649,327,0.7791304347826087,0.7491638795986622,0.7638533674339301,598,0.9010989010989011,0.8130311614730878,0.8548026805658973,706
Stacking,symmetric,0.3,1,80000,20000,30.056250000000002,312.0801374912262,5.854580736,0.8814,0.7834927724859736,0.8796675165800136,0.8926466460847601,0.8723258365331871,0.8823692606464142,7292,0.8841505355212734,0.9226825266611977,0.9030056701289578,9752,0.8500784929356358,0.8797725426482534,0.8646706586826347,1231,0.7532467532467533,0.6170212765957447,0.6783625730994152,94,0.8066298342541437,0.44648318042813456,0.5748031496062992,327,0.7855787476280834,0.6923076923076923,0.736,598,0.890282131661442,0.8045325779036827,0.8452380952380952,706
Stacking,symmetric,0.3,2,80000,20000,30.03125,312.56858468055725,5.81793792,0.8811,0.7797788055219572,0.8792505682836605,0.8922968197879859,0.865743280307186,0.8788195169485626,7292,0.8829693467828812,0.9245283018867925,0.9032710514451736,9752,0.8456883509833586,0.9082047116165719,0.8758323540932237,1231,0.78125,0.5263157894736842,0.6289308176100629,95,0.8076923076923077,0.450920245398773,0.5787401574803149,326,0.813780260707635,0.7307692307692307,0.7700440528634361,598,0.8883415435139573,0.7662889518413598,0.8228136882129278,706
Stacking,symmetric,0.3,3,80000,20000,29.983749999999997,314.8526463508606,5.528506368,0.8791,0.7661683563000995,0.8765560788436931,0.8943433488503315,0.8694459681843115,0.8817189347055142,7292,0.8787347931873479,0.9258613617719442,0.9016827283167723,9752,0.8341049382716049,0.8781478472786353,0.8555599525128611,1231,0.8253968253968254,0.5473684210526316,0.6582278481012658,95,0.8,0.3547400611620795,0.4915254237288136,327,0.7820267686424475,0.6850921273031826,0.7303571428571428,597,0.9113300492610837,0.7861189801699717,0.844106463878327,706
Stacking,symmetric,0.3,4,80000,20000,30.051250000000003,318.21025705337524,5.59929344,0.8815,0.7853175444201447,0.8795463553298467,0.895583462678143,0.8704059243006034,0.882815216635371,7292,0.8826580544137796,0.9248359310910582,0.9032548823234853,9752,0.8475232198142415,0.8902439024390244,0.8683584456780333,1230,0.8732394366197183,0.6526315789473685,0.7469879518072289,95,0.7158469945355191,0.40061162079510704,0.5137254901960784,327,0.779245283018868,0.6906354515050167,0.7322695035460993,598,0.9095315024232633,0.7974504249291785,0.849811320754717,706
Stacking,symmetric,0.4,0,80000,20000,40.082499999999996,319.40964794158936,5.946740736,0.86005,0.6836463224983075,0.855776799725925,0.8751941267824368,0.8501097092704334,0.8624695652173913,7292,0.8639613526570048,0.9169401148482362,0.8896627201273505,9752,0.7986476333583772,0.8635255889520714,0.8298204527712725,1231,0.76,0.20212765957446807,0.31932773109243695,94,0.7931034482758621,0.28134556574923547,0.4153498871331828,327,0.752,0.6287625418060201,0.6848816029143898,598,0.8571428571428571,0.7223796033994334,0.7840122982321291,706
Stacking,symmetric,0.4,1,80000,20000,39.9325,327.0995342731476,6.09622016,0.86125,0.6967336241904357,0.8566692706998856,0.8770801286533352,0.8601206801974767,0.8685176209928686,7292,0.8603933667566526,0.9150943396226415,0.8869012124826078,9752,0.8270142180094787,0.8505280259951259,0.8386063275931117,1231,0.7948717948717948,0.32978723404255317,0.46616541353383456,94,0.8152173913043478,0.22935779816513763,0.35799522673031026,327,0.7423312883435583,0.6070234113712375,0.6678932842686293,598,0.868020304568528,0.726628895184136,0.7910562837316885,706
Stacking,symmetric,0.4,2,80000,20000,40.21125,320.7724528312683,6.056046592,0.8571,0.665835763966763,0.8526150376208641,0.8744311717861206,0.8432528798683488,0.8585590617146048,7292,0.856634957240319,0.9141714520098442,0.8844684756188304,9752,0.8002969561989607,0.875710804224208,0.8363072148952676,1231,1.0,0.07368421052631578,0.13725490196078433,95,0.782608695652174,0.3312883435582822,0.46551724137931033,326,0.7453416149068323,0.6020066889632107,0.666049953746531,598,0.8959044368600683,0.7436260623229461,0.8126934984520123,706
Stacking,symmetric,0.4,3,80000,20000,40.08875,319.976571559906,6.014455808,0.86095,0.6767351142402102,0.8561321099476705,0.8840102974828375,0.847641250685683,0.8654438532623915,7292,0.8580135225216646,0.9239130434782609,0.8897447291759245,9752,0.7984848484848485,0.8562144597887896,0.8263426107408859,1231,0.9411764705882353,0.16842105263157894,0.2857142857142857,95,0.8811881188118812,0.27217125382262997,0.4158878504672897,327,0.7321063394683026,0.5996649916247906,0.6593001841620626,597,0.8810344827586207,0.7237960339943342,0.7947122861586314,706
Stacking,symmetric,0.4,4,80000,20000,39.975,328.8444793224335,6.4946176,0.8598,0.6649316449560688,0.8541933895419909,0.8738422677518944,0.8539495337356007,0.8637813843806353,7292,0.8579376498800959,0.9171452009844134,0.8865539971254398,9752,0.8055764883195177,0.8691056910569106,0.8361360969886585,1230,0.9285714285714286,0.1368421052631579,0.23853211009174313,95,0.875,0.21406727828746178,0.343980343980344,327,0.7703862660944206,0.6003344481605352,0.674812030075188,598,0.9145907473309609,0.7280453257790368,0.8107255520504731,706
Stacking,asymmetric,0.0,0,80000,20000,0.0,245.39840507507324,7.070654464,0.92555,0.8883991441620723,0.9252490569081833,0.9315355595920078,0.914289632473944,0.9228320298982629,7292,0.9272161429575344,0.9470877768662839,0.9370466189823974,9752,0.9169381107491856,0.9147034930950447,0.9158194387962586,1231,0.8631578947368421,0.8723404255319149,0.8677248677248677,94,0.8721804511278195,0.709480122324159,0.7824620573355818,327,0.8675721561969439,0.8545150501672241,0.8609941027801179,598,0.9332386363636364,0.9305949008498584,0.9319148936170213,706
Stacking,asymmetric,0.0,1,80000,20000,0.0,246.90659356117249,6.539137024,0.92845,0.8889650753418392,0.9282080378796851,0.9334632516703786,0.91963795940757,0.9264990328820116,7292,0.9307916708580626,0.94883100902379,0.9397247753008683,9752,0.9258064516129032,0.9325751421608448,0.9291784702549575,1231,0.8631578947368421,0.8723404255319149,0.8677248677248677,94,0.8356643356643356,0.7308868501529052,0.7797716150081566,327,0.8715753424657534,0.8511705685618729,0.8612521150592216,598,0.9432835820895522,0.8951841359773371,0.9186046511627907,706
Stacking,asymmetric,0.0,2,80000,20000,0.0,256.1608097553253,5.948227584,0.9261,0.8835323747350419,0.9258299363198966,0.931878584417401,0.9136039495337356,0.9226507859566512,7292,0.927373179306881,0.9466776045939295,0.9369259653930075,9752,0.9117415287628053,0.9398862713241267,0.9256,1231,0.8658536585365854,0.7473684210526316,0.8022598870056498,95,0.8673835125448028,0.7423312883435583,0.8,326,0.8754266211604096,0.8578595317725752,0.8665540540540541,598,0.9485294117647058,0.9135977337110481,0.9307359307359307,706
Stacking,asymmetric,0.0,3,80000,20000,0.0,248.30073499679565,5.619011584,0.92635,0.8875133811503207,0.9261314829954094,0.9329149232914923,0.9173066374108613,0.9250449453740838,7292,0.9300896544776871,0.946780147662018,0.9383606890594034,9752,0.9014195583596214,0.9285134037367994,0.9147659063625451,1231,0.9285714285714286,0.8210526315789474,0.8715083798882681,95,0.8344594594594594,0.7553516819571865,0.7929373996789727,327,0.8581436077057794,0.8207705192629816,0.839041095890411,597,0.945906432748538,0.9164305949008499,0.9309352517985612,706
Stacking,asymmetric,0.0,4,80000,20000,0.0,252.87779927253723,6.1519872,0.92925,0.8988543711610585,0.929051520051103,0.9360391882435269,0.9171695008228196,0.9265082773429383,7292,0.9273619877767759,0.9491386382280558,0.9381239547965338,9752,0.9344262295081968,0.926829268292683,0.9306122448979591,1230,0.8842105263157894,0.8842105263157894,0.8842105263157894,95,0.8531468531468531,0.746177370030581,0.7960848287112561,327,0.8836424957841484,0.8762541806020067,0.8799328295549959,598,0.9544117647058824,0.9192634560906515,0.9365079365079365,706
Stacking,asymmetric,0.1,0,80000,20000,10.13875,282.61631441116333,5.884411904,0.90485,0.8593311536486181,0.9042132693416579,0.9357238506174677,0.8624520021941854,0.8975950902733176,7292,0.8924896624675449,0.9517022149302707,0.9211453525879609,9752,0.8697674418604651,0.9114541023558083,0.8901229670765569,1231,0.8085106382978723,0.8085106382978723,0.8085106382978723,94,0.8764940239043825,0.672782874617737,0.7612456747404844,327,0.8434343434343434,0.8377926421404682,0.8406040268456376,598,0.9339477726574501,0.8611898016997167,0.8960943257184967,706
Stacking,asymmetric,0.1,1,80000,20000,9.936250000000001,279.7635452747345,6.01151488,0.9087,0.854423677405908,0.908095594972295,0.9392909896602659,0.8720515633571037,0.9044232683828758,7292,0.8986486486486487,0.95467596390484,0.9258154335719968,9752,0.8762567672080434,0.9203899268887084,0.8977812995245642,1231,0.8,0.8085106382978723,0.8042328042328042,94,0.8198529411764706,0.6819571865443425,0.7445742904841403,327,0.8316326530612245,0.8177257525083612,0.8246205733558178,598,0.9389067524115756,0.8271954674220963,0.8795180722891566,706
Stacking,asymmetric,0.1,2,80000,20000,10.19375,277.8120148181915,5.557993472,0.9041,0.8555510732056618,0.903454088233618,0.9342967818831943,0.859983543609435,0.8956012567837761,7292,0.8912938912938912,0.9500615258408531,0.9197399116493771,9752,0.8610903659447349,0.9366368805848904,0.8972762645914397,1231,0.8271604938271605,0.7052631578947368,0.7613636363636364,95,0.8475836431226765,0.6993865030674846,0.7663865546218488,326,0.8682842287694974,0.8377926421404682,0.8527659574468085,598,0.9521531100478469,0.8456090651558074,0.8957239309827457,706
Stacking,asymmetric,0.1,3,80000,20000,10.08375,278.21913385391235,5.61608704,0.90545,0.8556929647565477,0.9048272137473979,0.9407796101949025,0.8605320899616018,0.8988683569689156,7292,0.8925897485121904,0.9535479901558654,0.9220624690133862,9752,0.854586129753915,0.9309504467912266,0.8911353032659409,1231,0.8255813953488372,0.7473684210526316,0.7845303867403315,95,0.8286713286713286,0.7247706422018348,0.7732463295269169,327,0.8529411764705882,0.7772194304857621,0.813321647677476,597,0.9419847328244275,0.8739376770538244,0.9066862601028656,706
Stacking,asymmetric,0.1,4,80000,20000,10.10875,280.8570194244385,5.486514176,0.90925,0.8669738829748617,0.9086648923638438,0.9448358566931494,0.8643719144267691,0.9028145813936833,7292,0.8928503154272606,0.9578547990155866,0.9242109429108538,9752,0.8856466876971609,0.9130081300813008,0.899119295436349,1230,0.8181818181818182,0.8526315789473684,0.8350515463917526,95,0.8376383763837638,0.6941896024464832,0.7591973244147158,327,0.851027397260274,0.8311036789297659,0.8409475465313029,598,0.9503875968992248,0.8682719546742209,0.9074759437453738,706
Stacking,asymmetric,0.2,0,80000,20000,19.885,283.68959069252014,5.559554048,0.88055,0.8232927908391189,0.8790366668197088,0.9416989664082688,0.7996434448710916,0.8648768911302284,7292,0.8548786074209803,0.9568293683347006,0.9029854357187788,9752,0.8283198826118855,0.917140536149472,0.8704703161141095,1231,0.8289473684210527,0.6702127659574468,0.7411764705882353,94,0.8403361344537815,0.6116207951070336,0.7079646017699115,327,0.8019639934533551,0.8193979933110368,0.8105872622001654,598,0.9371900826446281,0.8031161473087819,0.8649885583524027,706
Stacking,asymmetric,0.2,1,80000,20000,20.07125,295.4863827228546,5.459529728,0.88125,0.8276320939658569,0.8795894869904156,0.9409010172775715,0.7990948985189249,0.86421950315165,7292,0.8555758683729433,0.9598031173092699,0.9046974676203363,9752,0.8378378378378378,0.9317627944760357,0.8823076923076923,1231,0.8045977011494253,0.7446808510638298,0.7734806629834254,94,0.8373015873015873,0.6452599388379205,0.7288428324697754,327,0.8066115702479338,0.8160535117056856,0.8113050706566916,598,0.9422382671480144,0.7393767705382436,0.8285714285714286,706
Stacking,asymmetric,0.2,2,80000,20000,19.92625,289.0595135688782,5.613088768,0.8772,0.8182100871633,0.8753769665825144,0.9380921267559621,0.7875754251234229,0.8562695691069032,7292,0.8496090198217858,0.9581624282198523,0.9006265060240964,9752,0.829127613554434,0.934199837530463,0.878533231474408,1231,0.7733333333333333,0.6105263157894737,0.6823529411764706,95,0.84,0.6441717791411042,0.7291666666666666,326,0.8358714043993232,0.8260869565217391,0.830950378469302,598,0.9445407279029463,0.7719546742209632,0.8495713172252534,706
Stacking,asymmetric,0.2,3,80000,20000,20.09,286.9063103199005,5.934391296,0.8793,0.8239648211281402,0.877790978703194,0.942323314378554,0.7953922106417992,0.8626459433330854,7292,0.8542143314724994,0.9571369975389664,0.9027515837322888,9752,0.8107344632768362,0.9325751421608448,0.8673970532678504,1231,0.8472222222222222,0.6421052631578947,0.7305389221556886,95,0.8333333333333334,0.6880733944954128,0.7537688442211056,327,0.8192982456140351,0.7822445561139029,0.8003427592116538,597,0.9338983050847458,0.7804532577903682,0.8503086419753086,706
Stacking,asymmetric,0.2,4,80000,20000,20.01875,294.093581199646,5.791817728,0.8819,0.8247189707651386,0.8803994666548272,0.9484957488554611,0.7955293472298409,0.8653042959427207,7292,0.8522355507088332,0.9616488925348646,0.9036423202929273,9752,0.8374164810690423,0.9170731707317074,0.8754365541327125,1230,0.717391304347826,0.6947368421052632,0.7058823529411765,95,0.8275862068965517,0.6605504587155964,0.7346938775510204,327,0.8477508650519031,0.8193979933110368,0.8333333333333334,598,0.9285714285714286,0.7917847025495751,0.8547400611620795,706
Stacking,asymmetric,0.3,0,80000,20000,29.898750000000003,303.4991509914398,5.682458624,0.84415,0.7742193644211653,0.8406695975670069,0.9432148040638607,0.7129731212287438,0.8120899718837863,7292,0.8084184999133899,0.9571369975389664,0.8765142266879519,9752,0.7789256198347108,0.9187652315190902,0.8430860976518822,1231,0.75,0.574468085106383,0.6506024096385542,94,0.7833333333333333,0.5749235474006116,0.6631393298059964,327,0.7539936102236422,0.7892976588628763,0.7712418300653595,598,0.9148550724637681,0.7152974504249292,0.8028616852146264,706
Stacking,asymmetric,0.3,1,80000,20000,30.056250000000002,297.9451892375946,5.683212288,0.84965,0.7859997918001354,0.8465538600297121,0.9425266903914591,0.7264125068568295,0.8204770755885997,7292,0.8151898734177215,0.9575471698113207,0.8806526147026925,9752,0.7859624739402363,0.9187652315190902,0.8471910112359551,1231,0.6635514018691588,0.7553191489361702,0.7064676616915423,94,0.7800829875518672,0.5749235474006116,0.6619718309859155,327,0.7915254237288135,0.7809364548494984,0.7861952861952862,598,0.9142335766423357,0.7096317280453258,0.7990430622009569,706
Stacking,asymmetric,0.3,2,80000,20000,30.03125,295.48769330978394,6.139273216,0.8441,0.7866693553881828,0.8407083678156255,0.9325340014316392,0.7146187602852441,0.8091614906832298,7292,0.8105492589363558,0.9533429040196882,0.8761662425784563,9752,0.7692823608316566,0.9317627944760357,0.8427626745040412,1231,0.7228915662650602,0.631578947368421,0.6741573033707865,95,0.81640625,0.6411042944785276,0.718213058419244,326,0.8020304568527918,0.7926421404682275,0.7973086627417998,598,0.9289827255278311,0.6855524079320113,0.7889160554197229,706
Stacking,asymmetric,0.3,3,80000,20000,29.983749999999997,293.38122367858887,5.618274304,0.84285,0.7641827419712569,0.8391894518887166,0.9379248658318425,0.7190071311025782,0.8140040366402732,7292,0.8122822299651568,0.956214109926169,0.8783911077618689,9752,0.7672702883970489,0.9293257514216084,0.8405584129316679,1231,0.7916666666666666,0.6,0.6826347305389222,95,0.7647058823529411,0.5565749235474006,0.6442477876106195,327,0.7389078498293515,0.7252931323283082,0.7320371935756551,597,0.8710865561694291,0.669971671388102,0.7574059247397918,706
Stacking,asymmetric,0.3,4,80000,20000,30.051250000000003,295.40599298477173,5.685899264,0.8456,0.7824696655790613,0.84219887063189,0.9446762198440051,0.714207350521119,0.8134322530261616,7292,0.8082381446867428,0.9577522559474979,0.8766660409235968,9752,0.7881533101045296,0.9195121951219513,0.848780487804878,1230,0.6732673267326733,0.7157894736842105,0.6938775510204082,95,0.7787234042553192,0.5596330275229358,0.6512455516014235,327,0.7848739495798319,0.7809364548494984,0.7829002514668902,598,0.911504424778761,0.7294617563739377,0.8103855232100708,706
Stacking,asymmetric,0.4,0,80000,20000,40.082499999999996,308.6858010292053,5.684011008,0.7921,0.6966043666508753,0.7858120150514698,0.9263461935217661,0.615743280307186,0.739764395749238,7292,0.7599768652400232,0.9431911402789172,0.8417295813315031,9752,0.6830357142857143,0.8700243704305443,0.7652733118971061,1231,0.38562091503267976,0.6276595744680851,0.4777327935222672,94,0.788546255506608,0.5474006116207951,0.6462093862815884,327,0.7320490367775832,0.6989966555183946,0.7151411462788708,598,0.8041431261770244,0.6048158640226629,0.6903799514955538,706
Stacking,asymmetric,0.4,1,80000,20000,39.9325,297.1750383377075,5.625233408,0.7971,0.669822441435677,0.7916264399490994,0.9303962985314826,0.634256719692814,0.7543015575307837,7292,0.768840880764437,0.94883100902379,0.8494056088493138,9752,0.7053998632946001,0.8383428107229894,0.7661469933184856,1231,0.29577464788732394,0.6702127659574468,0.41042345276872966,94,0.7038834951456311,0.4434250764525994,0.5440900562851783,327,0.6921768707482994,0.6806020066889632,0.6863406408094435,598,0.7958015267175572,0.5906515580736544,0.6780487804878049,706
Stacking,asymmetric,0.4,2,80000,20000,40.21125,295.4333372116089,6.101336064,0.79275,0.6812125261860054,0.7867546409372859,0.9274738783036263,0.6208173340647285,0.7437772118623183,7292,0.7623869200763549,0.9419606234618539,0.8427136369891289,9752,0.6747211895910781,0.8846466287571081,0.7655536028119508,1231,0.3219178082191781,0.49473684210526314,0.3900414937759336,95,0.7709251101321586,0.5368098159509203,0.6329113924050633,326,0.7476635514018691,0.6688963210702341,0.706090026478376,598,0.7864963503649635,0.6104815864022662,0.6874003189792663,706
Stacking,asymmetric,0.4,3,80000,20000,40.08875,300.9863541126251,6.18708992,0.79305,0.693306275540597,0.7868637474442423,0.932656444260257,0.6172517827756445,0.742861858392474,7292,0.7614238410596027,0.9431911402789172,0.8426163429827775,9752,0.6726153846153846,0.8878960194963444,0.7654061624649859,1231,0.39855072463768115,0.5789473684210527,0.4721030042918455,95,0.7520661157024794,0.5565749235474006,0.6397188049209139,327,0.7200736648250461,0.6549413735343383,0.6859649122807018,597,0.8076923076923077,0.6246458923512748,0.7044728434504792,706
Stacking,asymmetric,0.4,4,80000,20000,39.975,295.26538944244385,6.396514304,0.7921,0.6743694969354685,0.7860387506779751,0.927072723568955,0.6241086121777291,0.7460044258667322,7292,0.7628481432360743,0.9437038556193601,0.8436927026035937,9752,0.6847195357833655,0.8634146341463415,0.7637540453074434,1230,0.3391812865497076,0.6105263157894737,0.43609022556390975,95,0.7123287671232876,0.47706422018348627,0.5714285714285714,327,0.7153153153153153,0.6638795986622074,0.6886383347788378,598,0.7815442561205274,0.5878186968838527,0.6709781729991916,706
